filepath,label,class_id,predicted_class,confidence,correct
/content/brian-tumor-dataset/Brain Tumor Data Set/brain_tumor_data_set/brain_tumor/cancer_(1043).jpg,tumor,1,1,0.95872635,True
/content/brian-tumor-dataset/Brain Tumor Data Set/brain_tumor_data_set/brain_tumor/cancer_(813).jpg,tumor,1,1,0.9756115,True
/content/brian-tumor-dataset/Brain Tumor Data Set/brain_tumor_data_set/brain_tumor/cancer_(1781).jpg,tumor,1,1,0.9886925,True
/content/brian-tumor-dataset/Brain Tumor Data Set/brain_tumor_data_set/brain_tumor/cancer_(2280).jpg,tumor,1,1,0.9861684,True
/content/brian-tumor-dataset/Brain Tumor Data Set/brain_tumor_data_set/brain_tumor/cancer_(929).jpg,tumor,1,1,0.8552538,True
/content/brian-tumor-dataset/Brain Tumor Data Set/brain_tumor_data_set/brain_tumor/cancer_(1824).jpg,tumor,1,1,0.9920757,True
/content/brian-tumor-dataset/Brain Tumor Data Set/brain_tumor_data_set/brain_tumor/cancer_(1369).jpg,tumor,1,1,0.9901311,True
/content/brian-tumor-dataset/Brain Tumor Data Set/brain_tumor_data_set/brain_tumor/cancer_(1548).jpg,tumor,1,1,0.9915589,True
/content/brian-tumor-dataset/Brain Tumor Data Set/brain_tumor_data_set/healthy/not_cancer__(908).jpg,healthy,0,0,6.014364e-05,True
/content/brian-tumor-dataset/Brain Tumor Data Set/brain_tumor_data_set/brain_tumor/cancer_(2076).jpg,tumor,1,1,0.65579784,True
/content/brian-tumor-dataset/Brain Tumor Data Set/brain_tumor_data_set/brain_tumor/cancer_(1573).jpg,tumor,1,1,0.9773565,True
/content/brian-tumor-dataset/Brain Tumor Data Set/brain_tumor_data_set/brain_tumor/cancer_(269).jpg,tumor,1,1,0.999257,True
/content/brian-tumor-dataset/Brain Tumor Data Set/brain_tumor_data_set/brain_tumor/cancer_(979).jpg,tumor,1,1,0.98960286,True
/content/brian-tumor-dataset/Brain Tumor Data Set/brain_tumor_data_set/healthy/not_cancer__(826).jpg,healthy,0,0,0.31607613,True
/content/brian-tumor-dataset/Brain Tumor Data Set/brain_tumor_data_set/brain_tumor/cancer_(1890).jpg,tumor,1,1,0.9854563,True
/content/brian-tumor-dataset/Brain Tumor Data Set/brain_tumor_data_set/brain_tumor/cancer_(895).jpg,tumor,1,1,0.99888307,True
/content/brian-tumor-dataset/Brain Tumor Data Set/brain_tumor_data_set/brain_tumor/cancer_(2092).jpg,tumor,1,1,0.99830914,True
/content/brian-tumor-dataset/Brain Tumor Data Set/brain_tumor_data_set/brain_tumor/cancer_(1450).jpg,tumor,1,1,0.9651982,True
/content/brian-tumor-dataset/Brain Tumor Data Set/brain_tumor_data_set/brain_tumor/cancer_(427).jpg,tumor,1,1,0.99365777,True
/content/brian-tumor-dataset/Brain Tumor Data Set/brain_tumor_data_set/healthy/not_cancer__(1613).jpg,healthy,0,0,0.01187019,True
/content/brian-tumor-dataset/Brain Tumor Data Set/brain_tumor_data_set/brain_tumor/cancer_(1510).jpg,tumor,1,1,0.99068123,True
/content/brian-tumor-dataset/Brain Tumor Data Set/brain_tumor_data_set/healthy/not_cancer__(1216).jpg,healthy,0,0,0.0012609349,True
/content/brian-tumor-dataset/Brain Tumor Data Set/brain_tumor_data_set/brain_tumor/cancer_(1741).jpg,tumor,1,1,0.8543881,True
/content/brian-tumor-dataset/Brain Tumor Data Set/brain_tumor_data_set/brain_tumor/cancer_(606).jpg,tumor,1,1,0.9892264,True
/content/brian-tumor-dataset/Brain Tumor Data Set/brain_tumor_data_set/brain_tumor/cancer_(70).jpg,tumor,1,1,0.99822706,True
/content/brian-tumor-dataset/Brain Tumor Data Set/brain_tumor_data_set/brain_tumor/cancer_(1998).jpg,tumor,1,1,0.976659,True
/content/brian-tumor-dataset/Brain Tumor Data Set/brain_tumor_data_set/healthy/not_cancer__(758).jpg,healthy,0,0,0.008161006,True
/content/brian-tumor-dataset/Brain Tumor Data Set/brain_tumor_data_set/brain_tumor/cancer_(199).jpg,tumor,1,1,0.99726933,True
/content/brian-tumor-dataset/Brain Tumor Data Set/brain_tumor_data_set/brain_tumor/cancer_(1492).jpg,tumor,1,1,0.91405267,True
/content/brian-tumor-dataset/Brain Tumor Data Set/brain_tumor_data_set/healthy/not_cancer__(1723).jpg,healthy,0,0,0.0065606744,True
/content/brian-tumor-dataset/Brain Tumor Data Set/brain_tumor_data_set/brain_tumor/cancer_(529).jpg,tumor,1,1,0.970659,True
/content/brian-tumor-dataset/Brain Tumor Data Set/brain_tumor_data_set/healthy/not_cancer__(311).jpg,healthy,0,0,0.025437385,True
/content/brian-tumor-dataset/Brain Tumor Data Set/brain_tumor_data_set/healthy/not_cancer__(745).jpg,healthy,0,0,0.002446748,True
/content/brian-tumor-dataset/Brain Tumor Data Set/brain_tumor_data_set/brain_tumor/cancer_(3).jpg,tumor,1,1,0.90188915,True
/content/brian-tumor-dataset/Brain Tumor Data Set/brain_tumor_data_set/healthy/not_cancer__(1336).jpg,healthy,0,0,0.0002745138,True
/content/brian-tumor-dataset/Brain Tumor Data Set/brain_tumor_data_set/brain_tumor/cancer_(1726).jpg,tumor,1,1,0.98248917,True
/content/brian-tumor-dataset/Brain Tumor Data Set/brain_tumor_data_set/healthy/not_cancer__(796).jpg,healthy,0,0,0.03670734,True
/content/brian-tumor-dataset/Brain Tumor Data Set/brain_tumor_data_set/brain_tumor/cancer_(491).jpg,tumor,1,1,0.9966186,True
/content/brian-tumor-dataset/Brain Tumor Data Set/brain_tumor_data_set/healthy/not_cancer__(478).jpg,healthy,0,0,0.053834036,True
/content/brian-tumor-dataset/Brain Tumor Data Set/brain_tumor_data_set/brain_tumor/cancer_(1064).jpg,tumor,1,1,0.9981152,True
/content/brian-tumor-dataset/Brain Tumor Data Set/brain_tumor_data_set/healthy/not_cancer__(476).jpg,healthy,0,0,0.26697993,True
/content/brian-tumor-dataset/Brain Tumor Data Set/brain_tumor_data_set/brain_tumor/cancer_(375).jpg,tumor,1,1,0.9947214,True
/content/brian-tumor-dataset/Brain Tumor Data Set/brain_tumor_data_set/healthy/not_cancer__(1207).jpg,healthy,0,0,0.0026082515,True
/content/brian-tumor-dataset/Brain Tumor Data Set/brain_tumor_data_set/brain_tumor/cancer_(737).jpg,tumor,1,1,0.9994719,True
/content/brian-tumor-dataset/Brain Tumor Data Set/brain_tumor_data_set/brain_tumor/cancer_(1487).jpg,tumor,1,1,0.82461846,True
/content/brian-tumor-dataset/Brain Tumor Data Set/brain_tumor_data_set/healthy/not_cancer__(470).jpg,healthy,0,0,0.078539185,True
/content/brian-tumor-dataset/Brain Tumor Data Set/brain_tumor_data_set/brain_tumor/cancer_(2217).jpg,tumor,1,1,0.9893176,True
/content/brian-tumor-dataset/Brain Tumor Data Set/brain_tumor_data_set/healthy/not_cancer__(504).jpg,healthy,0,0,0.3728575,True
/content/brian-tumor-dataset/Brain Tumor Data Set/brain_tumor_data_set/brain_tumor/cancer_(2262).jpg,tumor,1,1,0.9872407,True
/content/brian-tumor-dataset/Brain Tumor Data Set/brain_tumor_data_set/healthy/not_cancer__(1807).jpg,healthy,0,0,0.0019268155,True
/content/brian-tumor-dataset/Brain Tumor Data Set/brain_tumor_data_set/brain_tumor/cancer_(203).jpg,tumor,1,1,0.99875295,True
/content/brian-tumor-dataset/Brain Tumor Data Set/brain_tumor_data_set/healthy/not_cancer__(518).jpg,healthy,0,0,0.14603348,True
/content/brian-tumor-dataset/Brain Tumor Data Set/brain_tumor_data_set/brain_tumor/cancer_(791).jpg,tumor,1,1,0.9994381,True
/content/brian-tumor-dataset/Brain Tumor Data Set/brain_tumor_data_set/healthy/not_cancer__(2028).jpg,healthy,0,0,0.059306342,True
/content/brian-tumor-dataset/Brain Tumor Data Set/brain_tumor_data_set/healthy/not_cancer__(681).jpg,healthy,0,0,0.001527744,True
/content/brian-tumor-dataset/Brain Tumor Data Set/brain_tumor_data_set/brain_tumor/cancer_(1433).jpg,tumor,1,1,0.99741215,True
/content/brian-tumor-dataset/Brain Tumor Data Set/brain_tumor_data_set/healthy/not_cancer__(433).jpg,healthy,0,0,0.05856186,True
/content/brian-tumor-dataset/Brain Tumor Data Set/brain_tumor_data_set/brain_tumor/cancer_(1752).jpg,tumor,1,1,0.9217274,True
/content/brian-tumor-dataset/Brain Tumor Data Set/brain_tumor_data_set/healthy/not_cancer__(1433).jpg,healthy,0,0,0.0013297398,True
/content/brian-tumor-dataset/Brain Tumor Data Set/brain_tumor_data_set/brain_tumor/cancer_(2218).jpg,tumor,1,1,0.97622615,True
/content/brian-tumor-dataset/Brain Tumor Data Set/brain_tumor_data_set/brain_tumor/cancer_(837).jpg,tumor,1,1,0.9670721,True
/content/brian-tumor-dataset/Brain Tumor Data Set/brain_tumor_data_set/brain_tumor/cancer_(836).jpg,tumor,1,0,0.06847023,False
/content/brian-tumor-dataset/Brain Tumor Data Set/brain_tumor_data_set/healthy/not_cancer__(916).jpg,healthy,0,0,0.0026019327,True
/content/brian-tumor-dataset/Brain Tumor Data Set/brain_tumor_data_set/healthy/not_cancer__(1591).jpg,healthy,0,0,0.0067617176,True
/content/brian-tumor-dataset/Brain Tumor Data Set/brain_tumor_data_set/brain_tumor/cancer_(403).jpg,tumor,1,1,0.9802387,True
/content/brian-tumor-dataset/Brain Tumor Data Set/brain_tumor_data_set/brain_tumor/cancer_(2228).jpg,tumor,1,1,0.9925058,True
/content/brian-tumor-dataset/Brain Tumor Data Set/brain_tumor_data_set/brain_tumor/cancer_(1580).jpg,tumor,1,1,0.995273,True
/content/brian-tumor-dataset/Brain Tumor Data Set/brain_tumor_data_set/brain_tumor/cancer_(442).jpg,tumor,1,1,0.98675036,True
/content/brian-tumor-dataset/Brain Tumor Data Set/brain_tumor_data_set/brain_tumor/cancer_(1423).jpg,tumor,1,1,0.9913605,True
/content/brian-tumor-dataset/Brain Tumor Data Set/brain_tumor_data_set/healthy/not_cancer__(417).jpg,healthy,0,0,0.06067023,True
/content/brian-tumor-dataset/Brain Tumor Data Set/brain_tumor_data_set/brain_tumor/cancer_(2108).jpg,tumor,1,1,0.99648947,True
/content/brian-tumor-dataset/Brain Tumor Data Set/brain_tumor_data_set/brain_tumor/cancer_(763).jpg,tumor,1,1,0.9914939,True
/content/brian-tumor-dataset/Brain Tumor Data Set/brain_tumor_data_set/brain_tumor/cancer_(251).jpg,tumor,1,1,0.9708984,True
/content/brian-tumor-dataset/Brain Tumor Data Set/brain_tumor_data_set/healthy/not_cancer__(1862).jpg,healthy,0,0,0.16325319,True
/content/brian-tumor-dataset/Brain Tumor Data Set/brain_tumor_data_set/brain_tumor/cancer_(555).jpg,tumor,1,0,0.12749383,False
/content/brian-tumor-dataset/Brain Tumor Data Set/brain_tumor_data_set/brain_tumor/cancer_(37).jpg,tumor,1,1,0.99067384,True
/content/brian-tumor-dataset/Brain Tumor Data Set/brain_tumor_data_set/healthy/not_cancer__(1172).jpg,healthy,0,0,0.015491434,True
/content/brian-tumor-dataset/Brain Tumor Data Set/brain_tumor_data_set/healthy/not_cancer__(144).jpg,healthy,0,0,0.38842255,True
/content/brian-tumor-dataset/Brain Tumor Data Set/brain_tumor_data_set/brain_tumor/cancer_(1331).jpg,tumor,1,1,0.9865834,True
/content/brian-tumor-dataset/Brain Tumor Data Set/brain_tumor_data_set/healthy/not_cancer__(1486).jpg,healthy,0,0,0.07784656,True
/content/brian-tumor-dataset/Brain Tumor Data Set/brain_tumor_data_set/brain_tumor/cancer_(1609).jpg,tumor,1,1,0.99401194,True
/content/brian-tumor-dataset/Brain Tumor Data Set/brain_tumor_data_set/brain_tumor/cancer_(1928).jpg,tumor,1,1,0.98830193,True
/content/brian-tumor-dataset/Brain Tumor Data Set/brain_tumor_data_set/healthy/not_cancer__(316).jpg,healthy,0,0,0.114349276,True
/content/brian-tumor-dataset/Brain Tumor Data Set/brain_tumor_data_set/brain_tumor/cancer_(2207).jpg,tumor,1,1,0.9743101,True
/content/brian-tumor-dataset/Brain Tumor Data Set/brain_tumor_data_set/healthy/not_cancer__(258).jpg,healthy,0,0,0.012550516,True
/content/brian-tumor-dataset/Brain Tumor Data Set/brain_tumor_data_set/healthy/not_cancer__(94).jpg,healthy,0,0,0.13853118,True
/content/brian-tumor-dataset/Brain Tumor Data Set/brain_tumor_data_set/brain_tumor/cancer_(1194).jpg,tumor,1,1,0.9955586,True
/content/brian-tumor-dataset/Brain Tumor Data Set/brain_tumor_data_set/brain_tumor/cancer_(2287).jpg,tumor,1,1,0.93178636,True
/content/brian-tumor-dataset/Brain Tumor Data Set/brain_tumor_data_set/brain_tumor/cancer_(2077).jpg,tumor,1,1,0.9820417,True
/content/brian-tumor-dataset/Brain Tumor Data Set/brain_tumor_data_set/healthy/not_cancer__(636).jpg,healthy,0,0,0.008213763,True
/content/brian-tumor-dataset/Brain Tumor Data Set/brain_tumor_data_set/healthy/not_cancer__(1780).jpg,healthy,0,0,0.00047995994,True
/content/brian-tumor-dataset/Brain Tumor Data Set/brain_tumor_data_set/brain_tumor/cancer_(2351).jpg,tumor,1,0,0.25819302,False
/content/brian-tumor-dataset/Brain Tumor Data Set/brain_tumor_data_set/healthy/not_cancer__(320).jpg,healthy,0,0,0.07671766,True
/content/brian-tumor-dataset/Brain Tumor Data Set/brain_tumor_data_set/brain_tumor/cancer_(1333).jpg,tumor,1,1,0.9965218,True
/content/brian-tumor-dataset/Brain Tumor Data Set/brain_tumor_data_set/healthy/not_cancer__(1541).jpg,healthy,0,0,0.0014071789,True
/content/brian-tumor-dataset/Brain Tumor Data Set/brain_tumor_data_set/brain_tumor/cancer_(1378).jpg,tumor,1,1,0.99936855,True
/content/brian-tumor-dataset/Brain Tumor Data Set/brain_tumor_data_set/healthy/not_cancer__(897).jpg,healthy,0,0,0.018114723,True
/content/brian-tumor-dataset/Brain Tumor Data Set/brain_tumor_data_set/healthy/not_cancer__(697).jpg,healthy,0,0,0.06496213,True
/content/brian-tumor-dataset/Brain Tumor Data Set/brain_tumor_data_set/healthy/not_cancer__(192).jpg,healthy,0,0,0.014981126,True
/content/brian-tumor-dataset/Brain Tumor Data Set/brain_tumor_data_set/brain_tumor/cancer_(174).jpg,tumor,1,1,0.997393,True
/content/brian-tumor-dataset/Brain Tumor Data Set/brain_tumor_data_set/healthy/not_cancer__(1107).jpg,healthy,0,0,0.3728575,True
/content/brian-tumor-dataset/Brain Tumor Data Set/brain_tumor_data_set/brain_tumor/cancer_(1913).jpg,tumor,1,1,0.9964851,True
/content/brian-tumor-dataset/Brain Tumor Data Set/brain_tumor_data_set/healthy/not_cancer__(805).jpg,healthy,0,0,0.05629508,True
/content/brian-tumor-dataset/Brain Tumor Data Set/brain_tumor_data_set/healthy/not_cancer__(1065).jpg,healthy,0,0,0.058004584,True
/content/brian-tumor-dataset/Brain Tumor Data Set/brain_tumor_data_set/brain_tumor/cancer_(2281).jpg,tumor,1,1,0.8980219,True
/content/brian-tumor-dataset/Brain Tumor Data Set/brain_tumor_data_set/brain_tumor/cancer_(462).jpg,tumor,1,1,0.92916,True
/content/brian-tumor-dataset/Brain Tumor Data Set/brain_tumor_data_set/brain_tumor/cancer_(1600).jpg,tumor,1,1,0.99519676,True
/content/brian-tumor-dataset/Brain Tumor Data Set/brain_tumor_data_set/brain_tumor/cancer_(536).jpg,tumor,1,1,0.99270815,True
/content/brian-tumor-dataset/Brain Tumor Data Set/brain_tumor_data_set/healthy/not_cancer__(1287).jpg,healthy,0,0,0.002001316,True
/content/brian-tumor-dataset/Brain Tumor Data Set/brain_tumor_data_set/healthy/not_cancer__(435).jpg,healthy,0,1,0.58391285,False
/content/brian-tumor-dataset/Brain Tumor Data Set/brain_tumor_data_set/brain_tumor/cancer_(2238).jpg,tumor,1,1,0.8966262,True
/content/brian-tumor-dataset/Brain Tumor Data Set/brain_tumor_data_set/healthy/not_cancer__(808).jpg,healthy,0,0,0.0001493832,True
/content/brian-tumor-dataset/Brain Tumor Data Set/brain_tumor_data_set/brain_tumor/cancer_(1538).jpg,tumor,1,1,0.9176512,True
/content/brian-tumor-dataset/Brain Tumor Data Set/brain_tumor_data_set/brain_tumor/cancer_(2083).jpg,tumor,1,1,0.9967077,True
/content/brian-tumor-dataset/Brain Tumor Data Set/brain_tumor_data_set/healthy/not_cancer__(1120).jpg,healthy,0,0,0.002680871,True
/content/brian-tumor-dataset/Brain Tumor Data Set/brain_tumor_data_set/healthy/not_cancer__(492).jpg,healthy,0,0,0.27444857,True
/content/brian-tumor-dataset/Brain Tumor Data Set/brain_tumor_data_set/brain_tumor/cancer_(558).jpg,tumor,1,1,0.89069843,True
/content/brian-tumor-dataset/Brain Tumor Data Set/brain_tumor_data_set/brain_tumor/cancer_(2168).jpg,tumor,1,1,0.9045282,True
/content/brian-tumor-dataset/Brain Tumor Data Set/brain_tumor_data_set/healthy/not_cancer__(1468).jpg,healthy,0,0,0.0013402948,True
/content/brian-tumor-dataset/Brain Tumor Data Set/brain_tumor_data_set/healthy/not_cancer__(1733).jpg,healthy,0,0,0.0037481224,True
/content/brian-tumor-dataset/Brain Tumor Data Set/brain_tumor_data_set/healthy/not_cancer__(1908).jpg,healthy,0,0,0.0112180095,True
/content/brian-tumor-dataset/Brain Tumor Data Set/brain_tumor_data_set/brain_tumor/cancer_(1344).jpg,tumor,1,1,0.9901222,True
/content/brian-tumor-dataset/Brain Tumor Data Set/brain_tumor_data_set/brain_tumor/cancer_(2341).jpg,tumor,1,1,0.96191627,True
/content/brian-tumor-dataset/Brain Tumor Data Set/brain_tumor_data_set/healthy/not_cancer__(749).jpg,healthy,0,0,0.025454836,True
/content/brian-tumor-dataset/Brain Tumor Data Set/brain_tumor_data_set/brain_tumor/cancer_(1585).jpg,tumor,1,1,0.9929334,True
/content/brian-tumor-dataset/Brain Tumor Data Set/brain_tumor_data_set/brain_tumor/cancer_(1843).jpg,tumor,1,1,0.9975889,True
/content/brian-tumor-dataset/Brain Tumor Data Set/brain_tumor_data_set/brain_tumor/cancer_(467).jpg,tumor,1,1,0.97761005,True
/content/brian-tumor-dataset/Brain Tumor Data Set/brain_tumor_data_set/brain_tumor/cancer_(1743).jpg,tumor,1,1,0.9973354,True
/content/brian-tumor-dataset/Brain Tumor Data Set/brain_tumor_data_set/healthy/not_cancer__(713).jpg,healthy,0,0,0.0014883506,True
/content/brian-tumor-dataset/Brain Tumor Data Set/brain_tumor_data_set/brain_tumor/cancer_(1927).jpg,tumor,1,1,0.99829346,True
/content/brian-tumor-dataset/Brain Tumor Data Set/brain_tumor_data_set/brain_tumor/cancer_(235).jpg,tumor,1,1,0.9997747,True
/content/brian-tumor-dataset/Brain Tumor Data Set/brain_tumor_data_set/brain_tumor/cancer_(1154).jpg,tumor,1,1,0.9353939,True
/content/brian-tumor-dataset/Brain Tumor Data Set/brain_tumor_data_set/healthy/not_cancer__(1105).jpg,healthy,0,0,0.03485785,True
/content/brian-tumor-dataset/Brain Tumor Data Set/brain_tumor_data_set/brain_tumor/cancer_(1459).jpg,tumor,1,1,0.9935436,True
/content/brian-tumor-dataset/Brain Tumor Data Set/brain_tumor_data_set/healthy/not_cancer__(561).jpg,healthy,0,0,0.06139835,True
/content/brian-tumor-dataset/Brain Tumor Data Set/brain_tumor_data_set/healthy/not_cancer__(1018).jpg,healthy,0,0,0.00060443685,True
/content/brian-tumor-dataset/Brain Tumor Data Set/brain_tumor_data_set/healthy/not_cancer__(663).jpg,healthy,0,0,0.010606081,True
/content/brian-tumor-dataset/Brain Tumor Data Set/brain_tumor_data_set/brain_tumor/cancer_(534).jpg,tumor,1,1,0.99350524,True
/content/brian-tumor-dataset/Brain Tumor Data Set/brain_tumor_data_set/brain_tumor/cancer_(508).jpg,tumor,1,1,0.894959,True
/content/brian-tumor-dataset/Brain Tumor Data Set/brain_tumor_data_set/healthy/not_cancer__(432).jpg,healthy,0,0,0.005112861,True
/content/brian-tumor-dataset/Brain Tumor Data Set/brain_tumor_data_set/brain_tumor/cancer_(1946).jpg,tumor,1,1,0.95573014,True
/content/brian-tumor-dataset/Brain Tumor Data Set/brain_tumor_data_set/healthy/not_cancer__(553).jpg,healthy,0,0,0.33041677,True
/content/brian-tumor-dataset/Brain Tumor Data Set/brain_tumor_data_set/healthy/not_cancer__(1025).jpg,healthy,0,0,0.0013061491,True
/content/brian-tumor-dataset/Brain Tumor Data Set/brain_tumor_data_set/healthy/not_cancer__(1381).jpg,healthy,0,0,0.00066394405,True
/content/brian-tumor-dataset/Brain Tumor Data Set/brain_tumor_data_set/brain_tumor/cancer_(128).jpg,tumor,1,1,0.99751437,True
/content/brian-tumor-dataset/Brain Tumor Data Set/brain_tumor_data_set/brain_tumor/cancer_(1034).jpg,tumor,1,1,0.98598236,True
/content/brian-tumor-dataset/Brain Tumor Data Set/brain_tumor_data_set/healthy/not_cancer__(705).jpg,healthy,0,0,0.0066125575,True
/content/brian-tumor-dataset/Brain Tumor Data Set/brain_tumor_data_set/brain_tumor/cancer_(143).jpg,tumor,1,1,0.99095565,True
/content/brian-tumor-dataset/Brain Tumor Data Set/brain_tumor_data_set/brain_tumor/cancer_(2289).jpg,tumor,1,1,0.9915724,True
/content/brian-tumor-dataset/Brain Tumor Data Set/brain_tumor_data_set/brain_tumor/cancer_(2330).jpg,tumor,1,1,0.9147973,True
/content/brian-tumor-dataset/Brain Tumor Data Set/brain_tumor_data_set/healthy/not_cancer__(398).jpg,healthy,0,0,0.047549136,True
/content/brian-tumor-dataset/Brain Tumor Data Set/brain_tumor_data_set/healthy/not_cancer__(1482).jpg,healthy,0,0,0.00046429117,True
/content/brian-tumor-dataset/Brain Tumor Data Set/brain_tumor_data_set/brain_tumor/cancer_(2068).jpg,tumor,1,1,0.9912156,True
/content/brian-tumor-dataset/Brain Tumor Data Set/brain_tumor_data_set/healthy/not_cancer__(152).jpg,healthy,0,0,0.12878898,True
/content/brian-tumor-dataset/Brain Tumor Data Set/brain_tumor_data_set/brain_tumor/cancer_(482).jpg,tumor,1,1,0.99743026,True
/content/brian-tumor-dataset/Brain Tumor Data Set/brain_tumor_data_set/brain_tumor/cancer_(231).jpg,tumor,1,1,0.94745594,True
/content/brian-tumor-dataset/Brain Tumor Data Set/brain_tumor_data_set/healthy/not_cancer__(528).jpg,healthy,0,0,0.27684635,True
/content/brian-tumor-dataset/Brain Tumor Data Set/brain_tumor_data_set/healthy/not_cancer__(614).jpg,healthy,0,0,0.0052890074,True
/content/brian-tumor-dataset/Brain Tumor Data Set/brain_tumor_data_set/brain_tumor/cancer_(1615).jpg,tumor,1,0,0.36033088,False
/content/brian-tumor-dataset/Brain Tumor Data Set/brain_tumor_data_set/brain_tumor/cancer_(2227).jpg,tumor,1,1,0.96657735,True
/content/brian-tumor-dataset/Brain Tumor Data Set/brain_tumor_data_set/brain_tumor/cancer_(1469).jpg,tumor,1,1,0.99383444,True
/content/brian-tumor-dataset/Brain Tumor Data Set/brain_tumor_data_set/brain_tumor/cancer_(826).jpg,tumor,1,1,0.9687565,True
/content/brian-tumor-dataset/Brain Tumor Data Set/brain_tumor_data_set/brain_tumor/cancer_(1354).jpg,tumor,1,1,0.99695706,True
/content/brian-tumor-dataset/Brain Tumor Data Set/brain_tumor_data_set/brain_tumor/cancer_(150).jpg,tumor,1,1,0.99807966,True
/content/brian-tumor-dataset/Brain Tumor Data Set/brain_tumor_data_set/brain_tumor/cancer_(1282).jpg,tumor,1,1,0.99432606,True
/content/brian-tumor-dataset/Brain Tumor Data Set/brain_tumor_data_set/brain_tumor/cancer_(2080).jpg,tumor,1,1,0.9976228,True
/content/brian-tumor-dataset/Brain Tumor Data Set/brain_tumor_data_set/healthy/not_cancer__(537).jpg,healthy,0,0,0.25874922,True
/content/brian-tumor-dataset/Brain Tumor Data Set/brain_tumor_data_set/brain_tumor/cancer_(1574).jpg,tumor,1,0,0.25140208,False
/content/brian-tumor-dataset/Brain Tumor Data Set/brain_tumor_data_set/brain_tumor/cancer_(444).jpg,tumor,1,1,0.99530065,True
/content/brian-tumor-dataset/Brain Tumor Data Set/brain_tumor_data_set/healthy/not_cancer__(1059).jpg,healthy,0,0,0.05292406,True
/content/brian-tumor-dataset/Brain Tumor Data Set/brain_tumor_data_set/healthy/not_cancer__(1295).jpg,healthy,0,0,0.000597907,True
/content/brian-tumor-dataset/Brain Tumor Data Set/brain_tumor_data_set/brain_tumor/cancer_(2126).jpg,tumor,1,1,0.9891354,True
/content/brian-tumor-dataset/Brain Tumor Data Set/brain_tumor_data_set/healthy/not_cancer__(204).jpg,healthy,0,0,0.14279,True
/content/brian-tumor-dataset/Brain Tumor Data Set/brain_tumor_data_set/healthy/not_cancer__(107).jpg,healthy,0,0,0.052306406,True
/content/brian-tumor-dataset/Brain Tumor Data Set/brain_tumor_data_set/healthy/not_cancer__(816).jpg,healthy,0,0,0.038541544,True
/content/brian-tumor-dataset/Brain Tumor Data Set/brain_tumor_data_set/healthy/not_cancer__(885).jpg,healthy,0,0,0.052986857,True
/content/brian-tumor-dataset/Brain Tumor Data Set/brain_tumor_data_set/healthy/not_cancer__(893).jpg,healthy,0,0,0.0063491235,True
/content/brian-tumor-dataset/Brain Tumor Data Set/brain_tumor_data_set/healthy/not_cancer__(1918).jpg,healthy,0,0,0.023502683,True
/content/brian-tumor-dataset/Brain Tumor Data Set/brain_tumor_data_set/brain_tumor/cancer_(62).jpg,tumor,1,1,0.9985807,True
/content/brian-tumor-dataset/Brain Tumor Data Set/brain_tumor_data_set/brain_tumor/cancer_(1830).jpg,tumor,1,1,0.9363831,True
/content/brian-tumor-dataset/Brain Tumor Data Set/brain_tumor_data_set/healthy/not_cancer__(654).jpg,healthy,0,0,0.00046205864,True
/content/brian-tumor-dataset/Brain Tumor Data Set/brain_tumor_data_set/brain_tumor/cancer_(2081).jpg,tumor,1,1,0.9977653,True
/content/brian-tumor-dataset/Brain Tumor Data Set/brain_tumor_data_set/healthy/not_cancer__(2003).jpg,healthy,0,0,0.02553901,True
/content/brian-tumor-dataset/Brain Tumor Data Set/brain_tumor_data_set/brain_tumor/cancer_(579).jpg,tumor,1,1,0.9950028,True
/content/brian-tumor-dataset/Brain Tumor Data Set/brain_tumor_data_set/healthy/not_cancer__(522).jpg,healthy,0,0,0.20459433,True
/content/brian-tumor-dataset/Brain Tumor Data Set/brain_tumor_data_set/brain_tumor/cancer_(435).jpg,tumor,1,1,0.98990345,True
/content/brian-tumor-dataset/Brain Tumor Data Set/brain_tumor_data_set/healthy/not_cancer__(642).jpg,healthy,0,0,0.01130047,True
/content/brian-tumor-dataset/Brain Tumor Data Set/brain_tumor_data_set/brain_tumor/cancer_(1437).jpg,tumor,1,1,0.9964408,True
/content/brian-tumor-dataset/Brain Tumor Data Set/brain_tumor_data_set/brain_tumor/cancer_(1353).jpg,tumor,1,1,0.99121946,True
/content/brian-tumor-dataset/Brain Tumor Data Set/brain_tumor_data_set/brain_tumor/cancer_(1973).jpg,tumor,1,1,0.9872946,True
/content/brian-tumor-dataset/Brain Tumor Data Set/brain_tumor_data_set/brain_tumor/cancer_(1680).jpg,tumor,1,1,0.9970957,True
/content/brian-tumor-dataset/Brain Tumor Data Set/brain_tumor_data_set/brain_tumor/cancer_(1652).jpg,tumor,1,1,0.9340372,True
/content/brian-tumor-dataset/Brain Tumor Data Set/brain_tumor_data_set/brain_tumor/cancer_(668).jpg,tumor,1,1,0.9935455,True
/content/brian-tumor-dataset/Brain Tumor Data Set/brain_tumor_data_set/healthy/not_cancer__(556).jpg,healthy,0,0,0.2731691,True
/content/brian-tumor-dataset/Brain Tumor Data Set/brain_tumor_data_set/brain_tumor/cancer_(2365).jpg,tumor,1,1,0.9367088,True
/content/brian-tumor-dataset/Brain Tumor Data Set/brain_tumor_data_set/healthy/not_cancer__(1553).jpg,healthy,0,0,0.017019842,True
/content/brian-tumor-dataset/Brain Tumor Data Set/brain_tumor_data_set/healthy/not_cancer__(1675).jpg,healthy,0,0,0.0020094737,True
/content/brian-tumor-dataset/Brain Tumor Data Set/brain_tumor_data_set/brain_tumor/cancer_(643).jpg,tumor,1,1,0.97913486,True
/content/brian-tumor-dataset/Brain Tumor Data Set/brain_tumor_data_set/healthy/not_cancer__(1055).jpg,healthy,0,0,0.0027837602,True
/content/brian-tumor-dataset/Brain Tumor Data Set/brain_tumor_data_set/healthy/not_cancer__(1678).jpg,healthy,0,0,0.00091455743,True
/content/brian-tumor-dataset/Brain Tumor Data Set/brain_tumor_data_set/healthy/not_cancer__(1714).jpg,healthy,0,0,0.00105925,True
/content/brian-tumor-dataset/Brain Tumor Data Set/brain_tumor_data_set/brain_tumor/cancer_(1430).jpg,tumor,1,1,0.90195376,True
/content/brian-tumor-dataset/Brain Tumor Data Set/brain_tumor_data_set/healthy/not_cancer__(158).jpg,healthy,0,0,0.26332685,True
/content/brian-tumor-dataset/Brain Tumor Data Set/brain_tumor_data_set/brain_tumor/cancer_(227).jpg,tumor,1,1,0.99880576,True
/content/brian-tumor-dataset/Brain Tumor Data Set/brain_tumor_data_set/brain_tumor/cancer_(303).jpg,tumor,1,1,0.9926192,True
/content/brian-tumor-dataset/Brain Tumor Data Set/brain_tumor_data_set/healthy/not_cancer__(787).jpg,healthy,0,0,0.013757574,True
/content/brian-tumor-dataset/Brain Tumor Data Set/brain_tumor_data_set/healthy/not_cancer__(479).jpg,healthy,0,0,0.023690391,True
/content/brian-tumor-dataset/Brain Tumor Data Set/brain_tumor_data_set/healthy/not_cancer__(1038).jpg,healthy,0,0,0.03531688,True
/content/brian-tumor-dataset/Brain Tumor Data Set/brain_tumor_data_set/brain_tumor/cancer_(1144).jpg,tumor,1,1,0.99569994,True
/content/brian-tumor-dataset/Brain Tumor Data Set/brain_tumor_data_set/healthy/not_cancer__(1565).jpg,healthy,0,0,0.0011515543,True
/content/brian-tumor-dataset/Brain Tumor Data Set/brain_tumor_data_set/brain_tumor/cancer_(2156).jpg,tumor,1,1,0.98193747,True
/content/brian-tumor-dataset/Brain Tumor Data Set/brain_tumor_data_set/healthy/not_cancer__(1173).jpg,healthy,0,0,0.0017432135,True
/content/brian-tumor-dataset/Brain Tumor Data Set/brain_tumor_data_set/brain_tumor/cancer_(1313).jpg,tumor,1,1,0.9937258,True
/content/brian-tumor-dataset/Brain Tumor Data Set/brain_tumor_data_set/brain_tumor/cancer_(1161).jpg,tumor,1,1,0.9539596,True
/content/brian-tumor-dataset/Brain Tumor Data Set/brain_tumor_data_set/healthy/not_cancer__(1238).jpg,healthy,0,0,0.004093037,True
/content/brian-tumor-dataset/Brain Tumor Data Set/brain_tumor_data_set/healthy/not_cancer__(1155).jpg,healthy,0,0,0.028830132,True
/content/brian-tumor-dataset/Brain Tumor Data Set/brain_tumor_data_set/brain_tumor/cancer_(2349).jpg,tumor,1,1,0.9363659,True
/content/brian-tumor-dataset/Brain Tumor Data Set/brain_tumor_data_set/brain_tumor/cancer_(2214).jpg,tumor,1,1,0.99066144,True
/content/brian-tumor-dataset/Brain Tumor Data Set/brain_tumor_data_set/healthy/not_cancer__(1283).jpg,healthy,0,0,0.00566292,True
/content/brian-tumor-dataset/Brain Tumor Data Set/brain_tumor_data_set/brain_tumor/cancer_(2124).jpg,tumor,1,1,0.8306161,True
/content/brian-tumor-dataset/Brain Tumor Data Set/brain_tumor_data_set/brain_tumor/cancer_(178).jpg,tumor,1,1,0.99940634,True
/content/brian-tumor-dataset/Brain Tumor Data Set/brain_tumor_data_set/brain_tumor/cancer_(312).jpg,tumor,1,1,0.9981548,True
/content/brian-tumor-dataset/Brain Tumor Data Set/brain_tumor_data_set/brain_tumor/cancer_(811).jpg,tumor,1,1,0.9957892,True
/content/brian-tumor-dataset/Brain Tumor Data Set/brain_tumor_data_set/brain_tumor/cancer_(1728).jpg,tumor,1,1,0.9750835,True
/content/brian-tumor-dataset/Brain Tumor Data Set/brain_tumor_data_set/healthy/not_cancer__(1646).jpg,healthy,0,0,0.0017106999,True
/content/brian-tumor-dataset/Brain Tumor Data Set/brain_tumor_data_set/brain_tumor/cancer_(1150).jpg,tumor,1,1,0.9964503,True
/content/brian-tumor-dataset/Brain Tumor Data Set/brain_tumor_data_set/brain_tumor/cancer_(1362).jpg,tumor,1,1,0.9944853,True
/content/brian-tumor-dataset/Brain Tumor Data Set/brain_tumor_data_set/brain_tumor/cancer_(1097).jpg,tumor,1,1,0.9965836,True
/content/brian-tumor-dataset/Brain Tumor Data Set/brain_tumor_data_set/brain_tumor/cancer_(967).jpg,tumor,1,1,0.99547404,True
/content/brian-tumor-dataset/Brain Tumor Data Set/brain_tumor_data_set/brain_tumor/cancer_(2399).jpg,tumor,1,1,0.9848304,True
/content/brian-tumor-dataset/Brain Tumor Data Set/brain_tumor_data_set/healthy/not_cancer__(1255).jpg,healthy,0,0,0.08250264,True
/content/brian-tumor-dataset/Brain Tumor Data Set/brain_tumor_data_set/brain_tumor/cancer_(598).jpg,tumor,1,1,0.993976,True
/content/brian-tumor-dataset/Brain Tumor Data Set/brain_tumor_data_set/brain_tumor/cancer_(1926).jpg,tumor,1,1,0.9825445,True
/content/brian-tumor-dataset/Brain Tumor Data Set/brain_tumor_data_set/healthy/not_cancer__(138).jpg,healthy,0,0,0.012550516,True
/content/brian-tumor-dataset/Brain Tumor Data Set/brain_tumor_data_set/healthy/not_cancer__(923).jpg,healthy,0,0,0.08941282,True
/content/brian-tumor-dataset/Brain Tumor Data Set/brain_tumor_data_set/brain_tumor/cancer_(955).jpg,tumor,1,1,0.9979298,True
/content/brian-tumor-dataset/Brain Tumor Data Set/brain_tumor_data_set/brain_tumor/cancer_(560).jpg,tumor,1,1,0.99773824,True
/content/brian-tumor-dataset/Brain Tumor Data Set/brain_tumor_data_set/brain_tumor/cancer_(1286).jpg,tumor,1,1,0.9628145,True
/content/brian-tumor-dataset/Brain Tumor Data Set/brain_tumor_data_set/brain_tumor/cancer_(2106).jpg,tumor,1,1,0.7776073,True
/content/brian-tumor-dataset/Brain Tumor Data Set/brain_tumor_data_set/brain_tumor/cancer_(980).jpg,tumor,1,1,0.938783,True
/content/brian-tumor-dataset/Brain Tumor Data Set/brain_tumor_data_set/brain_tumor/cancer_(450).jpg,tumor,1,1,0.99600464,True
/content/brian-tumor-dataset/Brain Tumor Data Set/brain_tumor_data_set/brain_tumor/cancer_(1645).jpg,tumor,1,1,0.8935511,True
/content/brian-tumor-dataset/Brain Tumor Data Set/brain_tumor_data_set/healthy/not_cancer__(1631).jpg,healthy,0,0,0.04102801,True
/content/brian-tumor-dataset/Brain Tumor Data Set/brain_tumor_data_set/healthy/not_cancer__(1021).jpg,healthy,0,0,0.007077758,True
/content/brian-tumor-dataset/Brain Tumor Data Set/brain_tumor_data_set/healthy/not_cancer__(1773).jpg,healthy,0,0,0.0017622414,True
/content/brian-tumor-dataset/Brain Tumor Data Set/brain_tumor_data_set/healthy/not_cancer__(1104).jpg,healthy,0,0,0.014244451,True
/content/brian-tumor-dataset/Brain Tumor Data Set/brain_tumor_data_set/brain_tumor/cancer_(1723).jpg,tumor,1,1,0.9530497,True
/content/brian-tumor-dataset/Brain Tumor Data Set/brain_tumor_data_set/healthy/not_cancer__(454).jpg,healthy,0,0,0.18880397,True
/content/brian-tumor-dataset/Brain Tumor Data Set/brain_tumor_data_set/healthy/not_cancer__(495).jpg,healthy,0,0,0.13507506,True
/content/brian-tumor-dataset/Brain Tumor Data Set/brain_tumor_data_set/healthy/not_cancer__(372).jpg,healthy,0,0,0.030513922,True
/content/brian-tumor-dataset/Brain Tumor Data Set/brain_tumor_data_set/healthy/not_cancer__(545).jpg,healthy,0,0,0.056291126,True
/content/brian-tumor-dataset/Brain Tumor Data Set/brain_tumor_data_set/healthy/not_cancer__(407).jpg,healthy,0,0,0.0044063865,True
/content/brian-tumor-dataset/Brain Tumor Data Set/brain_tumor_data_set/brain_tumor/cancer_(880).jpg,tumor,1,1,0.9450551,True
/content/brian-tumor-dataset/Brain Tumor Data Set/brain_tumor_data_set/healthy/not_cancer__(1343).jpg,healthy,0,0,0.0935403,True
/content/brian-tumor-dataset/Brain Tumor Data Set/brain_tumor_data_set/healthy/not_cancer__(712).jpg,healthy,0,0,0.004869885,True
/content/brian-tumor-dataset/Brain Tumor Data Set/brain_tumor_data_set/brain_tumor/cancer_(2402).jpg,tumor,1,1,0.80392736,True
/content/brian-tumor-dataset/Brain Tumor Data Set/brain_tumor_data_set/healthy/not_cancer__(946).jpg,healthy,0,0,0.016305124,True
/content/brian-tumor-dataset/Brain Tumor Data Set/brain_tumor_data_set/healthy/not_cancer__(1677).jpg,healthy,0,0,0.0010808891,True
/content/brian-tumor-dataset/Brain Tumor Data Set/brain_tumor_data_set/healthy/not_cancer__(581).jpg,healthy,0,0,0.0019975198,True
/content/brian-tumor-dataset/Brain Tumor Data Set/brain_tumor_data_set/brain_tumor/cancer_(189).jpg,tumor,1,1,0.9862571,True
/content/brian-tumor-dataset/Brain Tumor Data Set/brain_tumor_data_set/healthy/not_cancer__(1313).jpg,healthy,0,0,0.0015392738,True
/content/brian-tumor-dataset/Brain Tumor Data Set/brain_tumor_data_set/brain_tumor/cancer_(565).jpg,tumor,1,1,0.98736376,True
/content/brian-tumor-dataset/Brain Tumor Data Set/brain_tumor_data_set/healthy/not_cancer__(1662).jpg,healthy,0,0,0.005690082,True
/content/brian-tumor-dataset/Brain Tumor Data Set/brain_tumor_data_set/brain_tumor/cancer_(1613).jpg,tumor,1,1,0.97580683,True
/content/brian-tumor-dataset/Brain Tumor Data Set/brain_tumor_data_set/healthy/not_cancer__(110).jpg,healthy,0,0,0.11152807,True
/content/brian-tumor-dataset/Brain Tumor Data Set/brain_tumor_data_set/healthy/not_cancer__(1434).jpg,healthy,0,0,0.078339405,True
/content/brian-tumor-dataset/Brain Tumor Data Set/brain_tumor_data_set/healthy/not_cancer__(1423).jpg,healthy,0,0,0.0032622588,True
/content/brian-tumor-dataset/Brain Tumor Data Set/brain_tumor_data_set/brain_tumor/cancer_(2215).jpg,tumor,1,1,0.89655125,True
/content/brian-tumor-dataset/Brain Tumor Data Set/brain_tumor_data_set/brain_tumor/cancer_(771).jpg,tumor,1,1,0.99966216,True
/content/brian-tumor-dataset/Brain Tumor Data Set/brain_tumor_data_set/healthy/not_cancer__(1477).jpg,healthy,0,0,0.050682638,True
/content/brian-tumor-dataset/Brain Tumor Data Set/brain_tumor_data_set/brain_tumor/cancer_(97).jpg,tumor,1,1,0.9967732,True
/content/brian-tumor-dataset/Brain Tumor Data Set/brain_tumor_data_set/brain_tumor/cancer_(219).jpg,tumor,1,1,0.99397504,True
/content/brian-tumor-dataset/Brain Tumor Data Set/brain_tumor_data_set/brain_tumor/cancer_(1234).jpg,tumor,1,1,0.99504447,True
/content/brian-tumor-dataset/Brain Tumor Data Set/brain_tumor_data_set/brain_tumor/cancer_(2084).jpg,tumor,1,1,0.82069016,True
/content/brian-tumor-dataset/Brain Tumor Data Set/brain_tumor_data_set/brain_tumor/cancer_(273).jpg,tumor,1,1,0.97429323,True
/content/brian-tumor-dataset/Brain Tumor Data Set/brain_tumor_data_set/healthy/not_cancer__(2027).jpg,healthy,0,0,0.004776836,True
/content/brian-tumor-dataset/Brain Tumor Data Set/brain_tumor_data_set/brain_tumor/cancer_(1761).jpg,tumor,1,1,0.91245985,True
/content/brian-tumor-dataset/Brain Tumor Data Set/brain_tumor_data_set/healthy/not_cancer__(896).jpg,healthy,0,0,0.000423908,True
/content/brian-tumor-dataset/Brain Tumor Data Set/brain_tumor_data_set/brain_tumor/cancer_(1440).jpg,tumor,1,1,0.97764456,True
/content/brian-tumor-dataset/Brain Tumor Data Set/brain_tumor_data_set/brain_tumor/cancer_(516).jpg,tumor,1,1,0.9755636,True
/content/brian-tumor-dataset/Brain Tumor Data Set/brain_tumor_data_set/healthy/not_cancer__(1469).jpg,healthy,0,0,0.00083242275,True
/content/brian-tumor-dataset/Brain Tumor Data Set/brain_tumor_data_set/healthy/not_cancer__(724).jpg,healthy,0,0,0.013477573,True
/content/brian-tumor-dataset/Brain Tumor Data Set/brain_tumor_data_set/healthy/not_cancer__(961).jpg,healthy,0,0,0.0046293885,True
/content/brian-tumor-dataset/Brain Tumor Data Set/brain_tumor_data_set/brain_tumor/cancer_(2007).jpg,tumor,1,1,0.9921985,True
/content/brian-tumor-dataset/Brain Tumor Data Set/brain_tumor_data_set/brain_tumor/cancer_(2398).jpg,tumor,1,1,0.8552538,True
/content/brian-tumor-dataset/Brain Tumor Data Set/brain_tumor_data_set/healthy/not_cancer__(921).jpg,healthy,0,0,0.0013562983,True
/content/brian-tumor-dataset/Brain Tumor Data Set/brain_tumor_data_set/brain_tumor/cancer_(52).jpg,tumor,1,1,0.999393,True
/content/brian-tumor-dataset/Brain Tumor Data Set/brain_tumor_data_set/brain_tumor/cancer_(438).jpg,tumor,1,1,0.99068415,True
/content/brian-tumor-dataset/Brain Tumor Data Set/brain_tumor_data_set/brain_tumor/cancer_(1650).jpg,tumor,1,1,0.9197647,True
/content/brian-tumor-dataset/Brain Tumor Data Set/brain_tumor_data_set/healthy/not_cancer__(32).jpg,healthy,0,0,0.00018496347,True
/content/brian-tumor-dataset/Brain Tumor Data Set/brain_tumor_data_set/healthy/not_cancer__(1936).jpg,healthy,0,0,0.0010443929,True
/content/brian-tumor-dataset/Brain Tumor Data Set/brain_tumor_data_set/healthy/not_cancer__(700).jpg,healthy,0,0,0.008326599,True
/content/brian-tumor-dataset/Brain Tumor Data Set/brain_tumor_data_set/healthy/not_cancer__(386).jpg,healthy,0,0,0.0067287167,True
/content/brian-tumor-dataset/Brain Tumor Data Set/brain_tumor_data_set/healthy/not_cancer__(1311).jpg,healthy,0,0,0.00022475577,True
/content/brian-tumor-dataset/Brain Tumor Data Set/brain_tumor_data_set/brain_tumor/cancer_(184).jpg,tumor,1,1,0.99945134,True
/content/brian-tumor-dataset/Brain Tumor Data Set/brain_tumor_data_set/brain_tumor/cancer_(846).jpg,tumor,1,1,0.9957147,True
/content/brian-tumor-dataset/Brain Tumor Data Set/brain_tumor_data_set/brain_tumor/cancer_(663).jpg,tumor,1,1,0.9548655,True
/content/brian-tumor-dataset/Brain Tumor Data Set/brain_tumor_data_set/healthy/not_cancer__(1192).jpg,healthy,0,0,0.0352185,True
/content/brian-tumor-dataset/Brain Tumor Data Set/brain_tumor_data_set/brain_tumor/cancer_(882).jpg,tumor,1,0,0.22892034,False
/content/brian-tumor-dataset/Brain Tumor Data Set/brain_tumor_data_set/healthy/not_cancer__(891).jpg,healthy,0,0,0.00058589113,True
/content/brian-tumor-dataset/Brain Tumor Data Set/brain_tumor_data_set/healthy/not_cancer__(369).jpg,healthy,0,0,0.042858467,True
/content/brian-tumor-dataset/Brain Tumor Data Set/brain_tumor_data_set/brain_tumor/cancer_(930).jpg,tumor,1,1,0.9365361,True
/content/brian-tumor-dataset/Brain Tumor Data Set/brain_tumor_data_set/healthy/not_cancer__(899).jpg,healthy,0,0,0.00080831506,True
/content/brian-tumor-dataset/Brain Tumor Data Set/brain_tumor_data_set/healthy/not_cancer__(1899).jpg,healthy,0,0,0.0052592405,True
/content/brian-tumor-dataset/Brain Tumor Data Set/brain_tumor_data_set/brain_tumor/cancer_(733).jpg,tumor,1,1,0.99185926,True
/content/brian-tumor-dataset/Brain Tumor Data Set/brain_tumor_data_set/brain_tumor/cancer_(2149).jpg,tumor,1,1,0.99771595,True
/content/brian-tumor-dataset/Brain Tumor Data Set/brain_tumor_data_set/brain_tumor/cancer_(1551).jpg,tumor,1,1,0.9391482,True
/content/brian-tumor-dataset/Brain Tumor Data Set/brain_tumor_data_set/healthy/not_cancer__(1579).jpg,healthy,0,0,0.0017181279,True
/content/brian-tumor-dataset/Brain Tumor Data Set/brain_tumor_data_set/healthy/not_cancer__(324).jpg,healthy,0,0,0.10051453,True
/content/brian-tumor-dataset/Brain Tumor Data Set/brain_tumor_data_set/brain_tumor/cancer_(2267).jpg,tumor,1,1,0.98560345,True
/content/brian-tumor-dataset/Brain Tumor Data Set/brain_tumor_data_set/healthy/not_cancer__(1426).jpg,healthy,0,0,0.0070961397,True
/content/brian-tumor-dataset/Brain Tumor Data Set/brain_tumor_data_set/brain_tumor/cancer_(675).jpg,tumor,1,1,0.99023706,True
/content/brian-tumor-dataset/Brain Tumor Data Set/brain_tumor_data_set/healthy/not_cancer__(211).jpg,healthy,0,0,0.06373493,True
/content/brian-tumor-dataset/Brain Tumor Data Set/brain_tumor_data_set/healthy/not_cancer__(1309).jpg,healthy,0,0,0.055731315,True
/content/brian-tumor-dataset/Brain Tumor Data Set/brain_tumor_data_set/brain_tumor/cancer_(1568).jpg,tumor,1,1,0.98065543,True
/content/brian-tumor-dataset/Brain Tumor Data Set/brain_tumor_data_set/healthy/not_cancer__(594).jpg,healthy,0,0,0.0013019533,True
/content/brian-tumor-dataset/Brain Tumor Data Set/brain_tumor_data_set/brain_tumor/cancer_(1522).jpg,tumor,1,1,0.9969158,True
/content/brian-tumor-dataset/Brain Tumor Data Set/brain_tumor_data_set/brain_tumor/cancer_(1664).jpg,tumor,1,1,0.9937697,True
/content/brian-tumor-dataset/Brain Tumor Data Set/brain_tumor_data_set/brain_tumor/cancer_(1418).jpg,tumor,1,1,0.997134,True
/content/brian-tumor-dataset/Brain Tumor Data Set/brain_tumor_data_set/brain_tumor/cancer_(741).jpg,tumor,1,1,0.96637547,True
/content/brian-tumor-dataset/Brain Tumor Data Set/brain_tumor_data_set/healthy/not_cancer__(1162).jpg,healthy,0,0,0.06971318,True
/content/brian-tumor-dataset/Brain Tumor Data Set/brain_tumor_data_set/healthy/not_cancer__(31).jpg,healthy,0,0,0.0035733536,True
/content/brian-tumor-dataset/Brain Tumor Data Set/brain_tumor_data_set/brain_tumor/cancer_(1850).jpg,tumor,1,1,0.86489487,True
/content/brian-tumor-dataset/Brain Tumor Data Set/brain_tumor_data_set/healthy/not_cancer__(820).jpg,healthy,0,0,0.003221457,True
/content/brian-tumor-dataset/Brain Tumor Data Set/brain_tumor_data_set/brain_tumor/cancer_(1978).jpg,tumor,1,1,0.9963719,True
/content/brian-tumor-dataset/Brain Tumor Data Set/brain_tumor_data_set/brain_tumor/cancer_(2246).jpg,tumor,1,1,0.91825,True
/content/brian-tumor-dataset/Brain Tumor Data Set/brain_tumor_data_set/healthy/not_cancer__(377).jpg,healthy,0,0,0.021959623,True
/content/brian-tumor-dataset/Brain Tumor Data Set/brain_tumor_data_set/brain_tumor/cancer_(1368).jpg,tumor,1,1,0.98905367,True
/content/brian-tumor-dataset/Brain Tumor Data Set/brain_tumor_data_set/brain_tumor/cancer_(1905).jpg,tumor,1,1,0.9478468,True
/content/brian-tumor-dataset/Brain Tumor Data Set/brain_tumor_data_set/healthy/not_cancer__(1625).jpg,healthy,0,0,0.0066210013,True
/content/brian-tumor-dataset/Brain Tumor Data Set/brain_tumor_data_set/healthy/not_cancer__(1401).jpg,healthy,0,0,0.0023367687,True
/content/brian-tumor-dataset/Brain Tumor Data Set/brain_tumor_data_set/brain_tumor/cancer_(492).jpg,tumor,1,1,0.9928572,True
/content/brian-tumor-dataset/Brain Tumor Data Set/brain_tumor_data_set/healthy/not_cancer__(439).jpg,healthy,0,0,0.07103096,True
/content/brian-tumor-dataset/Brain Tumor Data Set/brain_tumor_data_set/brain_tumor/cancer_(2257).jpg,tumor,1,1,0.73513144,True
/content/brian-tumor-dataset/Brain Tumor Data Set/brain_tumor_data_set/healthy/not_cancer__(1729).jpg,healthy,0,0,0.008423693,True
/content/brian-tumor-dataset/Brain Tumor Data Set/brain_tumor_data_set/healthy/not_cancer__(1762).jpg,healthy,0,0,0.0017650519,True
/content/brian-tumor-dataset/Brain Tumor Data Set/brain_tumor_data_set/healthy/not_cancer__(1467).jpg,healthy,0,0,0.00028312922,True
/content/brian-tumor-dataset/Brain Tumor Data Set/brain_tumor_data_set/healthy/not_cancer__(472).jpg,healthy,0,0,0.035893787,True
/content/brian-tumor-dataset/Brain Tumor Data Set/brain_tumor_data_set/brain_tumor/cancer_(1663).jpg,tumor,1,1,0.98124254,True
/content/brian-tumor-dataset/Brain Tumor Data Set/brain_tumor_data_set/brain_tumor/cancer_(1859).jpg,tumor,1,1,0.8960063,True
/content/brian-tumor-dataset/Brain Tumor Data Set/brain_tumor_data_set/brain_tumor/cancer_(1630).jpg,tumor,1,1,0.9542841,True
/content/brian-tumor-dataset/Brain Tumor Data Set/brain_tumor_data_set/brain_tumor/cancer_(576).jpg,tumor,1,1,0.9912833,True
/content/brian-tumor-dataset/Brain Tumor Data Set/brain_tumor_data_set/healthy/not_cancer__(1011).jpg,healthy,0,0,0.0026951635,True
/content/brian-tumor-dataset/Brain Tumor Data Set/brain_tumor_data_set/healthy/not_cancer__(1416).jpg,healthy,0,0,0.012484244,True
/content/brian-tumor-dataset/Brain Tumor Data Set/brain_tumor_data_set/healthy/not_cancer__(1795).jpg,healthy,0,0,0.01507883,True
/content/brian-tumor-dataset/Brain Tumor Data Set/brain_tumor_data_set/healthy/not_cancer__(1350).jpg,healthy,0,0,0.020692246,True
/content/brian-tumor-dataset/Brain Tumor Data Set/brain_tumor_data_set/brain_tumor/cancer_(310).jpg,tumor,1,1,0.995088,True
/content/brian-tumor-dataset/Brain Tumor Data Set/brain_tumor_data_set/healthy/not_cancer__(1609).jpg,healthy,0,0,0.000115576746,True
/content/brian-tumor-dataset/Brain Tumor Data Set/brain_tumor_data_set/healthy/not_cancer__(1825).jpg,healthy,0,0,0.005303746,True
/content/brian-tumor-dataset/Brain Tumor Data Set/brain_tumor_data_set/healthy/not_cancer__(815).jpg,healthy,0,0,0.00047034313,True
/content/brian-tumor-dataset/Brain Tumor Data Set/brain_tumor_data_set/brain_tumor/cancer_(1373).jpg,tumor,1,1,0.9883308,True
/content/brian-tumor-dataset/Brain Tumor Data Set/brain_tumor_data_set/brain_tumor/cancer_(175).jpg,tumor,1,1,0.99283093,True
/content/brian-tumor-dataset/Brain Tumor Data Set/brain_tumor_data_set/healthy/not_cancer__(890).jpg,healthy,0,0,0.008456747,True
/content/brian-tumor-dataset/Brain Tumor Data Set/brain_tumor_data_set/brain_tumor/cancer_(2056).jpg,tumor,1,1,0.99478865,True
/content/brian-tumor-dataset/Brain Tumor Data Set/brain_tumor_data_set/brain_tumor/cancer_(1324).jpg,tumor,1,1,0.97261536,True
/content/brian-tumor-dataset/Brain Tumor Data Set/brain_tumor_data_set/healthy/not_cancer__(767).jpg,healthy,0,0,0.006534084,True
/content/brian-tumor-dataset/Brain Tumor Data Set/brain_tumor_data_set/brain_tumor/cancer_(1696).jpg,tumor,1,0,0.31415075,False
/content/brian-tumor-dataset/Brain Tumor Data Set/brain_tumor_data_set/healthy/not_cancer__(2067).jpg,healthy,0,0,0.0008324145,True
/content/brian-tumor-dataset/Brain Tumor Data Set/brain_tumor_data_set/healthy/not_cancer__(1233).jpg,healthy,0,0,0.013806826,True
/content/brian-tumor-dataset/Brain Tumor Data Set/brain_tumor_data_set/brain_tumor/cancer_(2255).jpg,tumor,1,1,0.4385592,True
/content/brian-tumor-dataset/Brain Tumor Data Set/brain_tumor_data_set/brain_tumor/cancer_(1146).jpg,tumor,1,1,0.98519254,True
/content/brian-tumor-dataset/Brain Tumor Data Set/brain_tumor_data_set/healthy/not_cancer__(679).jpg,healthy,0,0,0.000651998,True
/content/brian-tumor-dataset/Brain Tumor Data Set/brain_tumor_data_set/healthy/not_cancer__(1944).jpg,healthy,0,0,0.0722629,True
/content/brian-tumor-dataset/Brain Tumor Data Set/brain_tumor_data_set/brain_tumor/cancer_(1921).jpg,tumor,1,1,0.97237486,True
/content/brian-tumor-dataset/Brain Tumor Data Set/brain_tumor_data_set/healthy/not_cancer__(1742).jpg,healthy,0,0,0.0008477652,True
/content/brian-tumor-dataset/Brain Tumor Data Set/brain_tumor_data_set/brain_tumor/cancer_(30).jpg,tumor,1,1,0.9868966,True
/content/brian-tumor-dataset/Brain Tumor Data Set/brain_tumor_data_set/healthy/not_cancer__(1146).jpg,healthy,0,0,0.00045928205,True
/content/brian-tumor-dataset/Brain Tumor Data Set/brain_tumor_data_set/healthy/not_cancer__(1914).jpg,healthy,0,0,5.842366e-05,True
/content/brian-tumor-dataset/Brain Tumor Data Set/brain_tumor_data_set/healthy/not_cancer__(328).jpg,healthy,0,0,0.20462854,True
/content/brian-tumor-dataset/Brain Tumor Data Set/brain_tumor_data_set/healthy/not_cancer__(1676).jpg,healthy,0,0,0.00023919262,True
/content/brian-tumor-dataset/Brain Tumor Data Set/brain_tumor_data_set/brain_tumor/cancer_(1366).jpg,tumor,1,1,0.9608689,True
/content/brian-tumor-dataset/Brain Tumor Data Set/brain_tumor_data_set/healthy/not_cancer__(993).jpg,healthy,0,0,0.0056067496,True
/content/brian-tumor-dataset/Brain Tumor Data Set/brain_tumor_data_set/brain_tumor/cancer_(82).jpg,tumor,1,1,0.9939945,True
/content/brian-tumor-dataset/Brain Tumor Data Set/brain_tumor_data_set/brain_tumor/cancer_(618).jpg,tumor,1,1,0.8819623,True
/content/brian-tumor-dataset/Brain Tumor Data Set/brain_tumor_data_set/healthy/not_cancer__(325).jpg,healthy,0,0,0.30778915,True
/content/brian-tumor-dataset/Brain Tumor Data Set/brain_tumor_data_set/healthy/not_cancer__(1836).jpg,healthy,0,0,0.055922054,True
/content/brian-tumor-dataset/Brain Tumor Data Set/brain_tumor_data_set/brain_tumor/cancer_(782).jpg,tumor,1,1,0.99406517,True
/content/brian-tumor-dataset/Brain Tumor Data Set/brain_tumor_data_set/brain_tumor/cancer_(2053).jpg,tumor,1,1,0.9980932,True
/content/brian-tumor-dataset/Brain Tumor Data Set/brain_tumor_data_set/brain_tumor/cancer_(2294).jpg,tumor,1,1,0.994972,True
/content/brian-tumor-dataset/Brain Tumor Data Set/brain_tumor_data_set/brain_tumor/cancer_(1566).jpg,tumor,1,1,0.9932498,True
/content/brian-tumor-dataset/Brain Tumor Data Set/brain_tumor_data_set/brain_tumor/cancer_(570).jpg,tumor,1,1,0.9975012,True
/content/brian-tumor-dataset/Brain Tumor Data Set/brain_tumor_data_set/brain_tumor/cancer_(1218).jpg,tumor,1,1,0.98039377,True
/content/brian-tumor-dataset/Brain Tumor Data Set/brain_tumor_data_set/healthy/not_cancer__(1989).jpg,healthy,0,0,0.00036442102,True
/content/brian-tumor-dataset/Brain Tumor Data Set/brain_tumor_data_set/healthy/not_cancer__(1779).jpg,healthy,0,0,0.067724705,True
/content/brian-tumor-dataset/Brain Tumor Data Set/brain_tumor_data_set/brain_tumor/cancer_(2231).jpg,tumor,1,1,0.9806105,True
/content/brian-tumor-dataset/Brain Tumor Data Set/brain_tumor_data_set/brain_tumor/cancer_(2161).jpg,tumor,1,1,0.9970061,True
/content/brian-tumor-dataset/Brain Tumor Data Set/brain_tumor_data_set/healthy/not_cancer__(1586).jpg,healthy,0,0,0.008815641,True
/content/brian-tumor-dataset/Brain Tumor Data Set/brain_tumor_data_set/brain_tumor/cancer_(507).jpg,tumor,1,1,0.99677163,True
/content/brian-tumor-dataset/Brain Tumor Data Set/brain_tumor_data_set/healthy/not_cancer__(1972).jpg,healthy,0,0,0.00043666287,True
/content/brian-tumor-dataset/Brain Tumor Data Set/brain_tumor_data_set/healthy/not_cancer__(1967).jpg,healthy,0,0,0.0075704525,True
/content/brian-tumor-dataset/Brain Tumor Data Set/brain_tumor_data_set/brain_tumor/cancer_(1883).jpg,tumor,1,1,0.9873871,True
/content/brian-tumor-dataset/Brain Tumor Data Set/brain_tumor_data_set/healthy/not_cancer__(1193).jpg,healthy,0,0,0.00044508243,True
/content/brian-tumor-dataset/Brain Tumor Data Set/brain_tumor_data_set/healthy/not_cancer__(1327).jpg,healthy,0,0,0.0009282305,True
/content/brian-tumor-dataset/Brain Tumor Data Set/brain_tumor_data_set/brain_tumor/cancer_(2356).jpg,tumor,1,1,0.9860495,True
/content/brian-tumor-dataset/Brain Tumor Data Set/brain_tumor_data_set/brain_tumor/cancer_(2061).jpg,tumor,1,1,0.964224,True
/content/brian-tumor-dataset/Brain Tumor Data Set/brain_tumor_data_set/brain_tumor/cancer_(41).jpg,tumor,1,1,0.99596727,True
/content/brian-tumor-dataset/Brain Tumor Data Set/brain_tumor_data_set/brain_tumor/cancer_(2146).jpg,tumor,1,1,0.98905957,True
/content/brian-tumor-dataset/Brain Tumor Data Set/brain_tumor_data_set/healthy/not_cancer__(56).jpg,healthy,0,0,0.17124884,True
/content/brian-tumor-dataset/Brain Tumor Data Set/brain_tumor_data_set/healthy/not_cancer__(15).jpg,healthy,0,0,0.008111293,True
/content/brian-tumor-dataset/Brain Tumor Data Set/brain_tumor_data_set/healthy/not_cancer__(1185).jpg,healthy,0,0,0.010201069,True
/content/brian-tumor-dataset/Brain Tumor Data Set/brain_tumor_data_set/brain_tumor/cancer_(2193).jpg,tumor,1,1,0.99870396,True
/content/brian-tumor-dataset/Brain Tumor Data Set/brain_tumor_data_set/brain_tumor/cancer_(677).jpg,tumor,1,1,0.9919246,True
/content/brian-tumor-dataset/Brain Tumor Data Set/brain_tumor_data_set/healthy/not_cancer__(359).jpg,healthy,0,0,0.033397183,True
/content/brian-tumor-dataset/Brain Tumor Data Set/brain_tumor_data_set/brain_tumor/cancer_(1547).jpg,tumor,1,1,0.99937224,True
/content/brian-tumor-dataset/Brain Tumor Data Set/brain_tumor_data_set/brain_tumor/cancer_(200).jpg,tumor,1,1,0.99904114,True
/content/brian-tumor-dataset/Brain Tumor Data Set/brain_tumor_data_set/healthy/not_cancer__(521).jpg,healthy,0,0,0.021347594,True
/content/brian-tumor-dataset/Brain Tumor Data Set/brain_tumor_data_set/healthy/not_cancer__(1734).jpg,healthy,0,0,0.015426217,True
/content/brian-tumor-dataset/Brain Tumor Data Set/brain_tumor_data_set/brain_tumor/cancer_(279).jpg,tumor,1,1,0.99526465,True
/content/brian-tumor-dataset/Brain Tumor Data Set/brain_tumor_data_set/brain_tumor/cancer_(1966).jpg,tumor,1,1,0.97774976,True
/content/brian-tumor-dataset/Brain Tumor Data Set/brain_tumor_data_set/brain_tumor/cancer_(1798).jpg,tumor,1,1,0.99685514,True
/content/brian-tumor-dataset/Brain Tumor Data Set/brain_tumor_data_set/healthy/not_cancer__(881).jpg,healthy,0,0,0.017062016,True
/content/brian-tumor-dataset/Brain Tumor Data Set/brain_tumor_data_set/brain_tumor/cancer_(1140).jpg,tumor,1,1,0.9683302,True
/content/brian-tumor-dataset/Brain Tumor Data Set/brain_tumor_data_set/healthy/not_cancer__(100).jpg,healthy,0,0,0.088316694,True
/content/brian-tumor-dataset/Brain Tumor Data Set/brain_tumor_data_set/brain_tumor/cancer_(2032).jpg,tumor,1,1,0.9833564,True
/content/brian-tumor-dataset/Brain Tumor Data Set/brain_tumor_data_set/brain_tumor/cancer_(140).jpg,tumor,1,1,0.9740908,True
/content/brian-tumor-dataset/Brain Tumor Data Set/brain_tumor_data_set/healthy/not_cancer__(2000).jpg,healthy,0,0,0.08711573,True
/content/brian-tumor-dataset/Brain Tumor Data Set/brain_tumor_data_set/healthy/not_cancer__(960).jpg,healthy,0,0,0.13521098,True
/content/brian-tumor-dataset/Brain Tumor Data Set/brain_tumor_data_set/healthy/not_cancer__(69).jpg,healthy,0,0,0.01420743,True
/content/brian-tumor-dataset/Brain Tumor Data Set/brain_tumor_data_set/healthy/not_cancer__(863).jpg,healthy,0,0,0.011293498,True
/content/brian-tumor-dataset/Brain Tumor Data Set/brain_tumor_data_set/brain_tumor/cancer_(418).jpg,tumor,1,1,0.98646414,True
/content/brian-tumor-dataset/Brain Tumor Data Set/brain_tumor_data_set/healthy/not_cancer__(1655).jpg,healthy,0,0,0.21926717,True
/content/brian-tumor-dataset/Brain Tumor Data Set/brain_tumor_data_set/healthy/not_cancer__(1003).jpg,healthy,0,0,0.018644316,True
/content/brian-tumor-dataset/Brain Tumor Data Set/brain_tumor_data_set/healthy/not_cancer__(238).jpg,healthy,0,0,0.031370588,True
/content/brian-tumor-dataset/Brain Tumor Data Set/brain_tumor_data_set/brain_tumor/cancer_(2052).jpg,tumor,1,1,0.9867376,True
/content/brian-tumor-dataset/Brain Tumor Data Set/brain_tumor_data_set/brain_tumor/cancer_(1528).jpg,tumor,1,1,0.9762087,True
/content/brian-tumor-dataset/Brain Tumor Data Set/brain_tumor_data_set/brain_tumor/cancer_(932).jpg,tumor,1,1,0.87899953,True
/content/brian-tumor-dataset/Brain Tumor Data Set/brain_tumor_data_set/healthy/not_cancer__(128).jpg,healthy,0,0,0.0021452263,True
/content/brian-tumor-dataset/Brain Tumor Data Set/brain_tumor_data_set/brain_tumor/cancer_(673).jpg,tumor,1,1,0.99784195,True
/content/brian-tumor-dataset/Brain Tumor Data Set/brain_tumor_data_set/healthy/not_cancer__(27).jpg,healthy,0,0,0.0025158825,True
/content/brian-tumor-dataset/Brain Tumor Data Set/brain_tumor_data_set/healthy/not_cancer__(915).jpg,healthy,0,0,0.012553292,True
/content/brian-tumor-dataset/Brain Tumor Data Set/brain_tumor_data_set/healthy/not_cancer__(342).jpg,healthy,0,0,0.09151976,True
/content/brian-tumor-dataset/Brain Tumor Data Set/brain_tumor_data_set/brain_tumor/cancer_(1960).jpg,tumor,1,1,0.9733819,True
/content/brian-tumor-dataset/Brain Tumor Data Set/brain_tumor_data_set/healthy/not_cancer__(169).jpg,healthy,0,0,0.0068313982,True
/content/brian-tumor-dataset/Brain Tumor Data Set/brain_tumor_data_set/healthy/not_cancer__(693).jpg,healthy,0,0,0.01513967,True
/content/brian-tumor-dataset/Brain Tumor Data Set/brain_tumor_data_set/healthy/not_cancer__(1375).jpg,healthy,0,0,0.0029122087,True
/content/brian-tumor-dataset/Brain Tumor Data Set/brain_tumor_data_set/brain_tumor/cancer_(1660).jpg,tumor,1,1,0.82533145,True
/content/brian-tumor-dataset/Brain Tumor Data Set/brain_tumor_data_set/healthy/not_cancer__(1091).jpg,healthy,0,0,0.0012623799,True
/content/brian-tumor-dataset/Brain Tumor Data Set/brain_tumor_data_set/brain_tumor/cancer_(2127).jpg,tumor,1,1,0.9919173,True
/content/brian-tumor-dataset/Brain Tumor Data Set/brain_tumor_data_set/brain_tumor/cancer_(2358).jpg,tumor,1,1,0.9909561,True
/content/brian-tumor-dataset/Brain Tumor Data Set/brain_tumor_data_set/brain_tumor/cancer_(586).jpg,tumor,1,1,0.96542567,True
/content/brian-tumor-dataset/Brain Tumor Data Set/brain_tumor_data_set/healthy/not_cancer__(1751).jpg,healthy,0,0,0.01916978,True
/content/brian-tumor-dataset/Brain Tumor Data Set/brain_tumor_data_set/healthy/not_cancer__(1141).jpg,healthy,0,0,0.0035257011,True
/content/brian-tumor-dataset/Brain Tumor Data Set/brain_tumor_data_set/healthy/not_cancer__(469).jpg,healthy,0,0,0.0012623799,True
/content/brian-tumor-dataset/Brain Tumor Data Set/brain_tumor_data_set/brain_tumor/cancer_(824).jpg,tumor,1,1,0.8445879,True
/content/brian-tumor-dataset/Brain Tumor Data Set/brain_tumor_data_set/brain_tumor/cancer_(1072).jpg,tumor,1,1,0.7008959,True
/content/brian-tumor-dataset/Brain Tumor Data Set/brain_tumor_data_set/healthy/not_cancer__(2065).jpg,healthy,0,0,0.0013480053,True
/content/brian-tumor-dataset/Brain Tumor Data Set/brain_tumor_data_set/healthy/not_cancer__(1167).jpg,healthy,0,0,0.0005072958,True
/content/brian-tumor-dataset/Brain Tumor Data Set/brain_tumor_data_set/brain_tumor/cancer_(293).jpg,tumor,1,1,0.99695766,True
/content/brian-tumor-dataset/Brain Tumor Data Set/brain_tumor_data_set/healthy/not_cancer__(1530).jpg,healthy,0,0,0.017086215,True
/content/brian-tumor-dataset/Brain Tumor Data Set/brain_tumor_data_set/brain_tumor/cancer_(830).jpg,tumor,1,1,0.9963807,True
/content/brian-tumor-dataset/Brain Tumor Data Set/brain_tumor_data_set/brain_tumor/cancer_(774).jpg,tumor,1,1,0.99888307,True
/content/brian-tumor-dataset/Brain Tumor Data Set/brain_tumor_data_set/healthy/not_cancer__(442).jpg,healthy,0,0,0.113354556,True
/content/brian-tumor-dataset/Brain Tumor Data Set/brain_tumor_data_set/brain_tumor/cancer_(2380).jpg,tumor,1,1,0.99151844,True
/content/brian-tumor-dataset/Brain Tumor Data Set/brain_tumor_data_set/brain_tumor/cancer_(590).jpg,tumor,1,1,0.99883264,True
/content/brian-tumor-dataset/Brain Tumor Data Set/brain_tumor_data_set/healthy/not_cancer__(1819).jpg,healthy,0,0,0.0037942755,True
/content/brian-tumor-dataset/Brain Tumor Data Set/brain_tumor_data_set/brain_tumor/cancer_(396).jpg,tumor,1,1,0.9974491,True
/content/brian-tumor-dataset/Brain Tumor Data Set/brain_tumor_data_set/healthy/not_cancer__(76).jpg,healthy,0,1,0.58282393,False
/content/brian-tumor-dataset/Brain Tumor Data Set/brain_tumor_data_set/brain_tumor/cancer_(305).jpg,tumor,1,1,0.9795918,True
/content/brian-tumor-dataset/Brain Tumor Data Set/brain_tumor_data_set/healthy/not_cancer__(1256).jpg,healthy,0,0,0.0044698734,True
/content/brian-tumor-dataset/Brain Tumor Data Set/brain_tumor_data_set/brain_tumor/cancer_(18).jpg,tumor,1,1,0.99004644,True
/content/brian-tumor-dataset/Brain Tumor Data Set/brain_tumor_data_set/brain_tumor/cancer_(356).jpg,tumor,1,1,0.9945156,True
/content/brian-tumor-dataset/Brain Tumor Data Set/brain_tumor_data_set/healthy/not_cancer__(438).jpg,healthy,0,0,0.035946157,True
/content/brian-tumor-dataset/Brain Tumor Data Set/brain_tumor_data_set/brain_tumor/cancer_(1049).jpg,tumor,1,1,0.97109747,True
/content/brian-tumor-dataset/Brain Tumor Data Set/brain_tumor_data_set/healthy/not_cancer__(109).jpg,healthy,0,0,0.07863006,True
/content/brian-tumor-dataset/Brain Tumor Data Set/brain_tumor_data_set/healthy/not_cancer__(222).jpg,healthy,0,0,0.0391686,True
/content/brian-tumor-dataset/Brain Tumor Data Set/brain_tumor_data_set/brain_tumor/cancer_(1742).jpg,tumor,1,0,0.37197724,False
/content/brian-tumor-dataset/Brain Tumor Data Set/brain_tumor_data_set/brain_tumor/cancer_(1595).jpg,tumor,1,1,0.9684263,True
/content/brian-tumor-dataset/Brain Tumor Data Set/brain_tumor_data_set/healthy/not_cancer__(1399).jpg,healthy,0,0,0.01719044,True
/content/brian-tumor-dataset/Brain Tumor Data Set/brain_tumor_data_set/brain_tumor/cancer_(1640).jpg,tumor,1,1,0.99271214,True
/content/brian-tumor-dataset/Brain Tumor Data Set/brain_tumor_data_set/brain_tumor/cancer_(1).png,tumor,1,1,0.9855878,True
/content/brian-tumor-dataset/Brain Tumor Data Set/brain_tumor_data_set/healthy/not_cancer__(868).jpg,healthy,0,0,0.0750807,True
/content/brian-tumor-dataset/Brain Tumor Data Set/brain_tumor_data_set/healthy/not_cancer__(1535).jpg,healthy,0,0,0.029074227,True
/content/brian-tumor-dataset/Brain Tumor Data Set/brain_tumor_data_set/brain_tumor/cancer_(1246).jpg,tumor,1,1,0.99141884,True
/content/brian-tumor-dataset/Brain Tumor Data Set/brain_tumor_data_set/brain_tumor/cancer_(271).jpg,tumor,1,1,0.95294327,True
/content/brian-tumor-dataset/Brain Tumor Data Set/brain_tumor_data_set/healthy/not_cancer__(706).jpg,healthy,0,0,0.00056575704,True
/content/brian-tumor-dataset/Brain Tumor Data Set/brain_tumor_data_set/brain_tumor/cancer_(85).jpg,tumor,1,1,0.9941945,True
/content/brian-tumor-dataset/Brain Tumor Data Set/brain_tumor_data_set/brain_tumor/cancer_(2154).jpg,tumor,1,1,0.99875903,True
/content/brian-tumor-dataset/Brain Tumor Data Set/brain_tumor_data_set/brain_tumor/cancer_(1376).jpg,tumor,1,1,0.9839481,True
/content/brian-tumor-dataset/Brain Tumor Data Set/brain_tumor_data_set/healthy/not_cancer__(1876).jpg,healthy,0,0,0.003284931,True
/content/brian-tumor-dataset/Brain Tumor Data Set/brain_tumor_data_set/brain_tumor/cancer_(674).jpg,tumor,1,1,0.98304915,True
/content/brian-tumor-dataset/Brain Tumor Data Set/brain_tumor_data_set/brain_tumor/cancer_(122).jpg,tumor,1,1,0.99943775,True
/content/brian-tumor-dataset/Brain Tumor Data Set/brain_tumor_data_set/healthy/not_cancer__(136).jpg,healthy,0,0,0.0095776385,True
/content/brian-tumor-dataset/Brain Tumor Data Set/brain_tumor_data_set/healthy/not_cancer__(1039).jpg,healthy,0,0,0.15823096,True
/content/brian-tumor-dataset/Brain Tumor Data Set/brain_tumor_data_set/brain_tumor/cancer_(1183).jpg,tumor,1,1,0.93939465,True
/content/brian-tumor-dataset/Brain Tumor Data Set/brain_tumor_data_set/healthy/not_cancer__(1822).jpg,healthy,0,0,0.02098372,True
/content/brian-tumor-dataset/Brain Tumor Data Set/brain_tumor_data_set/healthy/not_cancer__(1344).jpg,healthy,0,0,0.00026097448,True
/content/brian-tumor-dataset/Brain Tumor Data Set/brain_tumor_data_set/brain_tumor/cancer_(2091).jpg,tumor,1,1,0.99775934,True
/content/brian-tumor-dataset/Brain Tumor Data Set/brain_tumor_data_set/brain_tumor/cancer_(2013).jpg,tumor,1,1,0.9833804,True
/content/brian-tumor-dataset/Brain Tumor Data Set/brain_tumor_data_set/brain_tumor/cancer_(1733).jpg,tumor,1,1,0.90262854,True
/content/brian-tumor-dataset/Brain Tumor Data Set/brain_tumor_data_set/healthy/not_cancer__(140).jpg,healthy,0,0,0.016305124,True
/content/brian-tumor-dataset/Brain Tumor Data Set/brain_tumor_data_set/healthy/not_cancer__(344).jpg,healthy,0,0,0.012098937,True
/content/brian-tumor-dataset/Brain Tumor Data Set/brain_tumor_data_set/brain_tumor/cancer_(373).jpg,tumor,1,1,0.9962889,True
/content/brian-tumor-dataset/Brain Tumor Data Set/brain_tumor_data_set/healthy/not_cancer__(294).jpg,healthy,0,0,0.022078326,True
/content/brian-tumor-dataset/Brain Tumor Data Set/brain_tumor_data_set/healthy/not_cancer__(271).jpg,healthy,0,0,0.0174917,True
/content/brian-tumor-dataset/Brain Tumor Data Set/brain_tumor_data_set/healthy/not_cancer__(288).jpg,healthy,0,1,0.4077756,False
/content/brian-tumor-dataset/Brain Tumor Data Set/brain_tumor_data_set/brain_tumor/cancer_(139).jpg,tumor,1,1,0.98556983,True
/content/brian-tumor-dataset/Brain Tumor Data Set/brain_tumor_data_set/brain_tumor/cancer_(484).jpg,tumor,1,1,0.98254496,True
/content/brian-tumor-dataset/Brain Tumor Data Set/brain_tumor_data_set/healthy/not_cancer__(1699).jpg,healthy,0,0,0.04623691,True
/content/brian-tumor-dataset/Brain Tumor Data Set/brain_tumor_data_set/healthy/not_cancer__(1317).jpg,healthy,0,0,0.14522299,True
/content/brian-tumor-dataset/Brain Tumor Data Set/brain_tumor_data_set/healthy/not_cancer__(218).jpg,healthy,0,0,0.38842255,True
/content/brian-tumor-dataset/Brain Tumor Data Set/brain_tumor_data_set/brain_tumor/cancer_(2101).jpg,tumor,1,1,0.99246806,True
/content/brian-tumor-dataset/Brain Tumor Data Set/brain_tumor_data_set/brain_tumor/cancer_(249).jpg,tumor,1,1,0.99665606,True
/content/brian-tumor-dataset/Brain Tumor Data Set/brain_tumor_data_set/brain_tumor/cancer_(1933).jpg,tumor,1,1,0.9987404,True
/content/brian-tumor-dataset/Brain Tumor Data Set/brain_tumor_data_set/healthy/not_cancer__(96).jpg,healthy,0,0,0.38842255,True
/content/brian-tumor-dataset/Brain Tumor Data Set/brain_tumor_data_set/brain_tumor/cancer_(428).jpg,tumor,1,1,0.9846992,True
/content/brian-tumor-dataset/Brain Tumor Data Set/brain_tumor_data_set/healthy/not_cancer__(1299).jpg,healthy,0,0,0.002829174,True
/content/brian-tumor-dataset/Brain Tumor Data Set/brain_tumor_data_set/healthy/not_cancer__(1165).jpg,healthy,0,0,0.0008114823,True
/content/brian-tumor-dataset/Brain Tumor Data Set/brain_tumor_data_set/brain_tumor/cancer_(785).jpg,tumor,1,1,0.99664384,True
/content/brian-tumor-dataset/Brain Tumor Data Set/brain_tumor_data_set/healthy/not_cancer__(82).jpg,healthy,0,0,0.14279,True
/content/brian-tumor-dataset/Brain Tumor Data Set/brain_tumor_data_set/healthy/not_cancer__(865).jpg,healthy,0,0,0.043751974,True
/content/brian-tumor-dataset/Brain Tumor Data Set/brain_tumor_data_set/healthy/not_cancer__(1817).jpg,healthy,0,0,0.00023810769,True
/content/brian-tumor-dataset/Brain Tumor Data Set/brain_tumor_data_set/healthy/not_cancer__(1789).jpg,healthy,0,0,0.0060979608,True
/content/brian-tumor-dataset/Brain Tumor Data Set/brain_tumor_data_set/healthy/not_cancer__(757).jpg,healthy,0,0,0.0486999,True
/content/brian-tumor-dataset/Brain Tumor Data Set/brain_tumor_data_set/healthy/not_cancer__(682).jpg,healthy,0,0,0.014927988,True
/content/brian-tumor-dataset/Brain Tumor Data Set/brain_tumor_data_set/brain_tumor/cancer_(1773).jpg,tumor,1,1,0.9992908,True
/content/brian-tumor-dataset/Brain Tumor Data Set/brain_tumor_data_set/healthy/not_cancer__(1607).jpg,healthy,0,0,0.00027881298,True
/content/brian-tumor-dataset/Brain Tumor Data Set/brain_tumor_data_set/healthy/not_cancer__(450).jpg,healthy,0,0,0.18940844,True
/content/brian-tumor-dataset/Brain Tumor Data Set/brain_tumor_data_set/healthy/not_cancer__(794).jpg,healthy,0,0,0.0021530287,True
/content/brian-tumor-dataset/Brain Tumor Data Set/brain_tumor_data_set/brain_tumor/cancer_(2045).jpg,tumor,1,1,0.9323448,True
/content/brian-tumor-dataset/Brain Tumor Data Set/brain_tumor_data_set/brain_tumor/cancer_(378).jpg,tumor,1,1,0.9770394,True
/content/brian-tumor-dataset/Brain Tumor Data Set/brain_tumor_data_set/brain_tumor/cancer_(1851).jpg,tumor,1,1,0.97818893,True
/content/brian-tumor-dataset/Brain Tumor Data Set/brain_tumor_data_set/brain_tumor/cancer_(877).jpg,tumor,1,1,0.70333314,True
/content/brian-tumor-dataset/Brain Tumor Data Set/brain_tumor_data_set/brain_tumor/cancer_(406).jpg,tumor,1,1,0.9814156,True
/content/brian-tumor-dataset/Brain Tumor Data Set/brain_tumor_data_set/healthy/not_cancer__(1656).jpg,healthy,0,0,0.0015762338,True
/content/brian-tumor-dataset/Brain Tumor Data Set/brain_tumor_data_set/healthy/not_cancer__(1046).jpg,healthy,0,0,0.03384357,True
/content/brian-tumor-dataset/Brain Tumor Data Set/brain_tumor_data_set/brain_tumor/cancer_(914).jpg,tumor,1,1,0.96191627,True
/content/brian-tumor-dataset/Brain Tumor Data Set/brain_tumor_data_set/brain_tumor/cancer_(1249).jpg,tumor,1,1,0.9907731,True
/content/brian-tumor-dataset/Brain Tumor Data Set/brain_tumor_data_set/healthy/not_cancer__(391).jpg,healthy,0,0,0.0067287167,True
/content/brian-tumor-dataset/Brain Tumor Data Set/brain_tumor_data_set/brain_tumor/cancer_(1871).jpg,tumor,1,1,0.97443646,True
/content/brian-tumor-dataset/Brain Tumor Data Set/brain_tumor_data_set/healthy/not_cancer__(623).jpg,healthy,0,0,0.02862955,True
/content/brian-tumor-dataset/Brain Tumor Data Set/brain_tumor_data_set/healthy/not_cancer__(900).jpg,healthy,0,0,0.00086084416,True
/content/brian-tumor-dataset/Brain Tumor Data Set/brain_tumor_data_set/healthy/not_cancer__(2055).jpg,healthy,0,0,0.001555533,True
/content/brian-tumor-dataset/Brain Tumor Data Set/brain_tumor_data_set/healthy/not_cancer__(984).jpg,healthy,0,0,0.0027014858,True
/content/brian-tumor-dataset/Brain Tumor Data Set/brain_tumor_data_set/brain_tumor/cancer_(1801).jpg,tumor,1,1,0.93818295,True
/content/brian-tumor-dataset/Brain Tumor Data Set/brain_tumor_data_set/brain_tumor/cancer_(871).jpg,tumor,1,1,0.9772364,True
/content/brian-tumor-dataset/Brain Tumor Data Set/brain_tumor_data_set/brain_tumor/cancer_(10).jpg,tumor,1,0,0.06823749,False
/content/brian-tumor-dataset/Brain Tumor Data Set/brain_tumor_data_set/brain_tumor/cancer_(709).jpg,tumor,1,1,0.954628,True
/content/brian-tumor-dataset/Brain Tumor Data Set/brain_tumor_data_set/brain_tumor/cancer_(631).jpg,tumor,1,1,0.99441034,True
/content/brian-tumor-dataset/Brain Tumor Data Set/brain_tumor_data_set/brain_tumor/cancer_(1388).jpg,tumor,1,1,0.9902952,True
/content/brian-tumor-dataset/Brain Tumor Data Set/brain_tumor_data_set/healthy/not_cancer__(34).jpg,healthy,0,0,0.0012392569,True
/content/brian-tumor-dataset/Brain Tumor Data Set/brain_tumor_data_set/healthy/not_cancer__(918).jpg,healthy,0,0,0.0014697292,True
/content/brian-tumor-dataset/Brain Tumor Data Set/brain_tumor_data_set/brain_tumor/cancer_(662).jpg,tumor,1,1,0.9541871,True
/content/brian-tumor-dataset/Brain Tumor Data Set/brain_tumor_data_set/healthy/not_cancer__(1622).jpg,healthy,0,0,0.000583102,True
/content/brian-tumor-dataset/Brain Tumor Data Set/brain_tumor_data_set/brain_tumor/cancer_(1858).jpg,tumor,1,1,0.8411331,True
/content/brian-tumor-dataset/Brain Tumor Data Set/brain_tumor_data_set/healthy/not_cancer__(658).jpg,healthy,0,0,0.00093499426,True
/content/brian-tumor-dataset/Brain Tumor Data Set/brain_tumor_data_set/brain_tumor/cancer_(1335).jpg,tumor,1,1,0.99233097,True
/content/brian-tumor-dataset/Brain Tumor Data Set/brain_tumor_data_set/brain_tumor/cancer_(464).jpg,tumor,1,1,0.99511695,True
/content/brian-tumor-dataset/Brain Tumor Data Set/brain_tumor_data_set/brain_tumor/cancer_(1945).jpg,tumor,1,1,0.93033755,True
/content/brian-tumor-dataset/Brain Tumor Data Set/brain_tumor_data_set/healthy/not_cancer__(188).jpg,healthy,0,0,0.08983625,True
/content/brian-tumor-dataset/Brain Tumor Data Set/brain_tumor_data_set/brain_tumor/cancer_(2111).jpg,tumor,1,1,0.94100595,True
/content/brian-tumor-dataset/Brain Tumor Data Set/brain_tumor_data_set/brain_tumor/cancer_(866).jpg,tumor,1,1,0.9859048,True
/content/brian-tumor-dataset/Brain Tumor Data Set/brain_tumor_data_set/healthy/not_cancer__(414).jpg,healthy,0,0,0.08591755,True
/content/brian-tumor-dataset/Brain Tumor Data Set/brain_tumor_data_set/brain_tumor/cancer_(702).jpg,tumor,1,1,0.97889745,True
/content/brian-tumor-dataset/Brain Tumor Data Set/brain_tumor_data_set/healthy/not_cancer__(1458).jpg,healthy,0,0,0.0033167165,True
/content/brian-tumor-dataset/Brain Tumor Data Set/brain_tumor_data_set/healthy/not_cancer__(694).jpg,healthy,0,0,0.0052308557,True
/content/brian-tumor-dataset/Brain Tumor Data Set/brain_tumor_data_set/brain_tumor/cancer_(1827).jpg,tumor,1,1,0.9872342,True
/content/brian-tumor-dataset/Brain Tumor Data Set/brain_tumor_data_set/brain_tumor/cancer_(1470).jpg,tumor,1,1,0.96622235,True
/content/brian-tumor-dataset/Brain Tumor Data Set/brain_tumor_data_set/healthy/not_cancer__(1957).jpg,healthy,0,0,0.00586921,True
/content/brian-tumor-dataset/Brain Tumor Data Set/brain_tumor_data_set/brain_tumor/cancer_(1188).jpg,tumor,1,1,0.9907381,True
/content/brian-tumor-dataset/Brain Tumor Data Set/brain_tumor_data_set/healthy/not_cancer__(164).jpg,healthy,0,0,0.03012411,True
/content/brian-tumor-dataset/Brain Tumor Data Set/brain_tumor_data_set/healthy/not_cancer__(847).jpg,healthy,0,0,0.0014835733,True
/content/brian-tumor-dataset/Brain Tumor Data Set/brain_tumor_data_set/brain_tumor/cancer_(2327).jpg,tumor,1,1,0.9235284,True
/content/brian-tumor-dataset/Brain Tumor Data Set/brain_tumor_data_set/brain_tumor/cancer_(2387).jpg,tumor,1,1,0.4727942,True
/content/brian-tumor-dataset/Brain Tumor Data Set/brain_tumor_data_set/brain_tumor/cancer_(36).jpg,tumor,1,1,0.99864334,True
/content/brian-tumor-dataset/Brain Tumor Data Set/brain_tumor_data_set/brain_tumor/cancer_(20).jpg,tumor,1,1,0.91335875,True
/content/brian-tumor-dataset/Brain Tumor Data Set/brain_tumor_data_set/brain_tumor/cancer_(1685).jpg,tumor,1,1,0.6697295,True
/content/brian-tumor-dataset/Brain Tumor Data Set/brain_tumor_data_set/healthy/not_cancer__(852).jpg,healthy,0,0,0.14744273,True
/content/brian-tumor-dataset/Brain Tumor Data Set/brain_tumor_data_set/healthy/not_cancer__(949).jpg,healthy,0,0,0.38842255,True
/content/brian-tumor-dataset/Brain Tumor Data Set/brain_tumor_data_set/healthy/not_cancer__(1410).jpg,healthy,0,0,0.1600555,True
/content/brian-tumor-dataset/Brain Tumor Data Set/brain_tumor_data_set/brain_tumor/cancer_(171).jpg,tumor,1,1,0.9884646,True
/content/brian-tumor-dataset/Brain Tumor Data Set/brain_tumor_data_set/brain_tumor/cancer_(329).jpg,tumor,1,1,0.89796257,True
/content/brian-tumor-dataset/Brain Tumor Data Set/brain_tumor_data_set/brain_tumor/cancer_(1637).jpg,tumor,1,1,0.8238447,True
/content/brian-tumor-dataset/Brain Tumor Data Set/brain_tumor_data_set/brain_tumor/cancer_(1113).jpg,tumor,1,1,0.9236837,True
/content/brian-tumor-dataset/Brain Tumor Data Set/brain_tumor_data_set/healthy/not_cancer__(1557).jpg,healthy,0,0,0.015562147,True
/content/brian-tumor-dataset/Brain Tumor Data Set/brain_tumor_data_set/healthy/not_cancer__(1999).jpg,healthy,0,0,0.0021537133,True
/content/brian-tumor-dataset/Brain Tumor Data Set/brain_tumor_data_set/brain_tumor/cancer_(839).jpg,tumor,1,1,0.9850368,True
/content/brian-tumor-dataset/Brain Tumor Data Set/brain_tumor_data_set/healthy/not_cancer__(1258).jpg,healthy,0,0,0.0008672757,True
/content/brian-tumor-dataset/Brain Tumor Data Set/brain_tumor_data_set/healthy/not_cancer__(1990).jpg,healthy,0,0,0.00070688233,True
/content/brian-tumor-dataset/Brain Tumor Data Set/brain_tumor_data_set/brain_tumor/cancer_(1892).jpg,tumor,1,1,0.98564243,True
/content/brian-tumor-dataset/Brain Tumor Data Set/brain_tumor_data_set/healthy/not_cancer__(29).jpg,healthy,0,0,0.017033545,True
/content/brian-tumor-dataset/Brain Tumor Data Set/brain_tumor_data_set/healthy/not_cancer__(2062).jpg,healthy,0,0,0.011507536,True
/content/brian-tumor-dataset/Brain Tumor Data Set/brain_tumor_data_set/healthy/not_cancer__(2059).jpg,healthy,0,0,0.004219473,True
/content/brian-tumor-dataset/Brain Tumor Data Set/brain_tumor_data_set/healthy/not_cancer__(2023).jpg,healthy,0,0,0.0014226842,True
/content/brian-tumor-dataset/Brain Tumor Data Set/brain_tumor_data_set/brain_tumor/cancer_(918).jpg,tumor,1,1,0.9787486,True
/content/brian-tumor-dataset/Brain Tumor Data Set/brain_tumor_data_set/brain_tumor/cancer_(1961).jpg,tumor,1,1,0.99680555,True
/content/brian-tumor-dataset/Brain Tumor Data Set/brain_tumor_data_set/healthy/not_cancer__(2078).jpg,healthy,0,0,0.0012752886,True
/content/brian-tumor-dataset/Brain Tumor Data Set/brain_tumor_data_set/brain_tumor/cancer_(320).jpg,tumor,1,1,0.993248,True
/content/brian-tumor-dataset/Brain Tumor Data Set/brain_tumor_data_set/brain_tumor/cancer_(956).jpg,tumor,1,1,0.89155054,True
/content/brian-tumor-dataset/Brain Tumor Data Set/brain_tumor_data_set/brain_tumor/cancer_(214).jpg,tumor,1,1,0.8466235,True
/content/brian-tumor-dataset/Brain Tumor Data Set/brain_tumor_data_set/brain_tumor/cancer_(102).jpg,tumor,1,1,0.9850175,True
/content/brian-tumor-dataset/Brain Tumor Data Set/brain_tumor_data_set/healthy/not_cancer__(1708).jpg,healthy,0,0,0.0041796453,True
/content/brian-tumor-dataset/Brain Tumor Data Set/brain_tumor_data_set/brain_tumor/cancer_(1076).jpg,tumor,1,1,0.9724686,True
/content/brian-tumor-dataset/Brain Tumor Data Set/brain_tumor_data_set/brain_tumor/cancer_(1631).jpg,tumor,1,1,0.8285765,True
/content/brian-tumor-dataset/Brain Tumor Data Set/brain_tumor_data_set/healthy/not_cancer__(1564).jpg,healthy,0,0,0.007929917,True
/content/brian-tumor-dataset/Brain Tumor Data Set/brain_tumor_data_set/brain_tumor/cancer_(1436).jpg,tumor,1,1,0.99060094,True
/content/brian-tumor-dataset/Brain Tumor Data Set/brain_tumor_data_set/healthy/not_cancer__(1693).jpg,healthy,0,0,0.012086764,True
/content/brian-tumor-dataset/Brain Tumor Data Set/brain_tumor_data_set/brain_tumor/cancer_(1171).jpg,tumor,1,1,0.99183536,True
/content/brian-tumor-dataset/Brain Tumor Data Set/brain_tumor_data_set/brain_tumor/cancer_(1676).jpg,tumor,1,1,0.99177814,True
/content/brian-tumor-dataset/Brain Tumor Data Set/brain_tumor_data_set/brain_tumor/cancer_(2352).jpg,tumor,1,0,0.032276295,False
/content/brian-tumor-dataset/Brain Tumor Data Set/brain_tumor_data_set/brain_tumor/cancer_(137).jpg,tumor,1,1,0.8299983,True
/content/brian-tumor-dataset/Brain Tumor Data Set/brain_tumor_data_set/healthy/not_cancer__(1161).jpg,healthy,0,0,0.0059560924,True
/content/brian-tumor-dataset/Brain Tumor Data Set/brain_tumor_data_set/brain_tumor/cancer_(1842).jpg,tumor,1,1,0.8443852,True
/content/brian-tumor-dataset/Brain Tumor Data Set/brain_tumor_data_set/brain_tumor/cancer_(718).jpg,tumor,1,1,0.98626524,True
/content/brian-tumor-dataset/Brain Tumor Data Set/brain_tumor_data_set/healthy/not_cancer__(1097).jpg,healthy,0,0,0.13422105,True
/content/brian-tumor-dataset/Brain Tumor Data Set/brain_tumor_data_set/brain_tumor/cancer_(2290).jpg,tumor,1,1,0.9957147,True
/content/brian-tumor-dataset/Brain Tumor Data Set/brain_tumor_data_set/healthy/not_cancer__(991).jpg,healthy,0,0,0.00048032537,True
/content/brian-tumor-dataset/Brain Tumor Data Set/brain_tumor_data_set/brain_tumor/cancer_(1283).jpg,tumor,1,1,0.9816195,True
/content/brian-tumor-dataset/Brain Tumor Data Set/brain_tumor_data_set/healthy/not_cancer__(2076).jpg,healthy,0,0,0.013872478,True
/content/brian-tumor-dataset/Brain Tumor Data Set/brain_tumor_data_set/healthy/not_cancer__(1421).jpg,healthy,0,0,0.015977832,True
/content/brian-tumor-dataset/Brain Tumor Data Set/brain_tumor_data_set/healthy/not_cancer__(2066).jpg,healthy,0,0,0.002397423,True
/content/brian-tumor-dataset/Brain Tumor Data Set/brain_tumor_data_set/healthy/not_cancer__(402).jpg,healthy,0,0,0.046029955,True
/content/brian-tumor-dataset/Brain Tumor Data Set/brain_tumor_data_set/healthy/not_cancer__(903).jpg,healthy,0,0,0.13893583,True
/content/brian-tumor-dataset/Brain Tumor Data Set/brain_tumor_data_set/brain_tumor/cancer_(1527).jpg,tumor,1,1,0.9826881,True
/content/brian-tumor-dataset/Brain Tumor Data Set/brain_tumor_data_set/brain_tumor/cancer_(274).jpg,tumor,1,1,0.9868298,True
/content/brian-tumor-dataset/Brain Tumor Data Set/brain_tumor_data_set/brain_tumor/cancer_(1755).jpg,tumor,1,1,0.851568,True
/content/brian-tumor-dataset/Brain Tumor Data Set/brain_tumor_data_set/brain_tumor/cancer_(386).jpg,tumor,1,1,0.99776745,True
/content/brian-tumor-dataset/Brain Tumor Data Set/brain_tumor_data_set/healthy/not_cancer__(744).jpg,healthy,0,0,0.007646457,True
/content/brian-tumor-dataset/Brain Tumor Data Set/brain_tumor_data_set/brain_tumor/cancer_(1500).jpg,tumor,1,1,0.9964947,True
/content/brian-tumor-dataset/Brain Tumor Data Set/brain_tumor_data_set/healthy/not_cancer__(1889).jpg,healthy,0,0,0.09246936,True
/content/brian-tumor-dataset/Brain Tumor Data Set/brain_tumor_data_set/brain_tumor/cancer_(908).jpg,tumor,1,1,0.9710103,True
/content/brian-tumor-dataset/Brain Tumor Data Set/brain_tumor_data_set/brain_tumor/cancer_(239).jpg,tumor,1,1,0.99993825,True
/content/brian-tumor-dataset/Brain Tumor Data Set/brain_tumor_data_set/brain_tumor/cancer_(247).jpg,tumor,1,1,0.999193,True
/content/brian-tumor-dataset/Brain Tumor Data Set/brain_tumor_data_set/healthy/not_cancer__(1030).jpg,healthy,0,0,0.0018594576,True
/content/brian-tumor-dataset/Brain Tumor Data Set/brain_tumor_data_set/healthy/not_cancer__(914).jpg,healthy,0,0,0.008128752,True
/content/brian-tumor-dataset/Brain Tumor Data Set/brain_tumor_data_set/healthy/not_cancer__(48).jpg,healthy,0,0,0.31622055,True
/content/brian-tumor-dataset/Brain Tumor Data Set/brain_tumor_data_set/healthy/not_cancer__(1427).jpg,healthy,0,0,0.1181296,True
/content/brian-tumor-dataset/Brain Tumor Data Set/brain_tumor_data_set/healthy/not_cancer__(185).jpg,healthy,0,0,0.00039921768,True
/content/brian-tumor-dataset/Brain Tumor Data Set/brain_tumor_data_set/brain_tumor/cancer_(1160).jpg,tumor,1,1,0.96873504,True
/content/brian-tumor-dataset/Brain Tumor Data Set/brain_tumor_data_set/brain_tumor/cancer_(525).jpg,tumor,1,1,0.99147666,True
/content/brian-tumor-dataset/Brain Tumor Data Set/brain_tumor_data_set/healthy/not_cancer__(742).jpg,healthy,0,0,0.0106315855,True
/content/brian-tumor-dataset/Brain Tumor Data Set/brain_tumor_data_set/brain_tumor/cancer_(501).jpg,tumor,1,1,0.79604274,True
/content/brian-tumor-dataset/Brain Tumor Data Set/brain_tumor_data_set/brain_tumor/cancer_(651).jpg,tumor,1,1,0.99914265,True
/content/brian-tumor-dataset/Brain Tumor Data Set/brain_tumor_data_set/healthy/not_cancer__(2061).jpg,healthy,0,0,0.0004692582,True
/content/brian-tumor-dataset/Brain Tumor Data Set/brain_tumor_data_set/healthy/not_cancer__(1810).jpg,healthy,0,0,0.00027920425,True
/content/brian-tumor-dataset/Brain Tumor Data Set/brain_tumor_data_set/brain_tumor/cancer_(639).jpg,tumor,1,1,0.99785596,True
/content/brian-tumor-dataset/Brain Tumor Data Set/brain_tumor_data_set/brain_tumor/cancer_(1563).jpg,tumor,1,1,0.99352384,True
/content/brian-tumor-dataset/Brain Tumor Data Set/brain_tumor_data_set/healthy/not_cancer__(349).jpg,healthy,0,1,0.93303883,False
/content/brian-tumor-dataset/Brain Tumor Data Set/brain_tumor_data_set/healthy/not_cancer__(99).jpg,healthy,0,0,0.00493248,True
/content/brian-tumor-dataset/Brain Tumor Data Set/brain_tumor_data_set/brain_tumor/cancer_(818).jpg,tumor,1,1,0.99618477,True
/content/brian-tumor-dataset/Brain Tumor Data Set/brain_tumor_data_set/brain_tumor/cancer_(1473).jpg,tumor,1,1,0.99916977,True
/content/brian-tumor-dataset/Brain Tumor Data Set/brain_tumor_data_set/brain_tumor/cancer_(750).jpg,tumor,1,1,0.9100791,True
/content/brian-tumor-dataset/Brain Tumor Data Set/brain_tumor_data_set/brain_tumor/cancer_(554).jpg,tumor,1,1,0.64402765,True
/content/brian-tumor-dataset/Brain Tumor Data Set/brain_tumor_data_set/healthy/not_cancer__(1437).jpg,healthy,0,0,0.0036965795,True
/content/brian-tumor-dataset/Brain Tumor Data Set/brain_tumor_data_set/brain_tumor/cancer_(2320).jpg,tumor,1,1,0.99975485,True
/content/brian-tumor-dataset/Brain Tumor Data Set/brain_tumor_data_set/brain_tumor/cancer_(1197).jpg,tumor,1,1,0.9931931,True
/content/brian-tumor-dataset/Brain Tumor Data Set/brain_tumor_data_set/brain_tumor/cancer_(1999).jpg,tumor,1,1,0.9993862,True
/content/brian-tumor-dataset/Brain Tumor Data Set/brain_tumor_data_set/brain_tumor/cancer_(245).jpg,tumor,1,1,0.99339855,True
/content/brian-tumor-dataset/Brain Tumor Data Set/brain_tumor_data_set/brain_tumor/cancer_(112).jpg,tumor,1,1,0.99585754,True
/content/brian-tumor-dataset/Brain Tumor Data Set/brain_tumor_data_set/brain_tumor/cancer_(1983).jpg,tumor,1,1,0.99918693,True
/content/brian-tumor-dataset/Brain Tumor Data Set/brain_tumor_data_set/healthy/not_cancer__(996).jpg,healthy,0,0,0.04695403,True
/content/brian-tumor-dataset/Brain Tumor Data Set/brain_tumor_data_set/healthy/not_cancer__(1013).jpg,healthy,0,0,0.005891108,True
/content/brian-tumor-dataset/Brain Tumor Data Set/brain_tumor_data_set/brain_tumor/cancer_(1158).jpg,tumor,1,1,0.95470446,True
/content/brian-tumor-dataset/Brain Tumor Data Set/brain_tumor_data_set/healthy/not_cancer__(1425).jpg,healthy,0,0,0.007760293,True
/content/brian-tumor-dataset/Brain Tumor Data Set/brain_tumor_data_set/healthy/not_cancer__(1650).jpg,healthy,0,0,0.017322963,True
/content/brian-tumor-dataset/Brain Tumor Data Set/brain_tumor_data_set/healthy/not_cancer__(19).jpg,healthy,0,0,0.001974943,True
/content/brian-tumor-dataset/Brain Tumor Data Set/brain_tumor_data_set/healthy/not_cancer__(413).jpg,healthy,0,0,0.058448687,True
/content/brian-tumor-dataset/Brain Tumor Data Set/brain_tumor_data_set/brain_tumor/cancer_(2099).jpg,tumor,1,1,0.970794,True
/content/brian-tumor-dataset/Brain Tumor Data Set/brain_tumor_data_set/healthy/not_cancer__(1234).jpg,healthy,0,0,0.008886059,True
/content/brian-tumor-dataset/Brain Tumor Data Set/brain_tumor_data_set/brain_tumor/cancer_(28).jpg,tumor,1,1,0.995356,True
/content/brian-tumor-dataset/Brain Tumor Data Set/brain_tumor_data_set/brain_tumor/cancer_(1517).jpg,tumor,1,1,0.99458927,True
/content/brian-tumor-dataset/Brain Tumor Data Set/brain_tumor_data_set/healthy/not_cancer__(312).jpg,healthy,0,0,0.15759683,True
/content/brian-tumor-dataset/Brain Tumor Data Set/brain_tumor_data_set/brain_tumor/cancer_(64).jpg,tumor,1,1,0.99823344,True
/content/brian-tumor-dataset/Brain Tumor Data Set/brain_tumor_data_set/brain_tumor/cancer_(1839).jpg,tumor,1,1,0.99340665,True
/content/brian-tumor-dataset/Brain Tumor Data Set/brain_tumor_data_set/healthy/not_cancer__(1783).jpg,healthy,0,0,0.018029219,True
/content/brian-tumor-dataset/Brain Tumor Data Set/brain_tumor_data_set/brain_tumor/cancer_(2046).jpg,tumor,1,1,0.9795314,True
/content/brian-tumor-dataset/Brain Tumor Data Set/brain_tumor_data_set/brain_tumor/cancer_(2202).jpg,tumor,1,1,0.7291509,True
/content/brian-tumor-dataset/Brain Tumor Data Set/brain_tumor_data_set/brain_tumor/cancer_(1833).jpg,tumor,1,1,0.9976211,True
/content/brian-tumor-dataset/Brain Tumor Data Set/brain_tumor_data_set/healthy/not_cancer__(1176).jpg,healthy,0,0,0.000101691774,True
/content/brian-tumor-dataset/Brain Tumor Data Set/brain_tumor_data_set/healthy/not_cancer__(477).jpg,healthy,0,0,0.13422105,True
/content/brian-tumor-dataset/Brain Tumor Data Set/brain_tumor_data_set/brain_tumor/cancer_(1846).jpg,tumor,1,1,0.9236077,True
/content/brian-tumor-dataset/Brain Tumor Data Set/brain_tumor_data_set/brain_tumor/cancer_(1338).jpg,tumor,1,1,0.98828447,True
/content/brian-tumor-dataset/Brain Tumor Data Set/brain_tumor_data_set/healthy/not_cancer__(983).jpg,healthy,0,0,0.004851516,True
/content/brian-tumor-dataset/Brain Tumor Data Set/brain_tumor_data_set/healthy/not_cancer__(1072).jpg,healthy,0,0,0.0030198481,True
/content/brian-tumor-dataset/Brain Tumor Data Set/brain_tumor_data_set/healthy/not_cancer__(1588).jpg,healthy,0,0,0.0009531276,True
/content/brian-tumor-dataset/Brain Tumor Data Set/brain_tumor_data_set/healthy/not_cancer__(466).jpg,healthy,0,0,0.016442977,True
/content/brian-tumor-dataset/Brain Tumor Data Set/brain_tumor_data_set/brain_tumor/cancer_(1836).jpg,tumor,1,1,0.9549841,True
/content/brian-tumor-dataset/Brain Tumor Data Set/brain_tumor_data_set/healthy/not_cancer__(97).jpg,healthy,0,0,0.009577611,True
/content/brian-tumor-dataset/Brain Tumor Data Set/brain_tumor_data_set/brain_tumor/cancer_(754).jpg,tumor,1,1,0.99767286,True
